<?xml version = '1.0' encoding = 'UTF-8'?>
<Diagram class="oracle.dbtools.crest.swingui.logical.DPVLogical" name="Logical" id="715531A8-8D1A-F1A6-1524-A318B7DAFBEF">
<createdBy>Ignacio Toledo</createdBy>
<modifiedBy>Ignacio Toledo</modifiedBy>
<createdTime>2024-10-07 23:00:28 UTC</createdTime>
<autoRoute>false</autoRoute>
<boxInbox>true</boxInbox>
<showLegend>false</showLegend>
<showLabels>false</showLabels>
<showRelAttributes>false</showRelAttributes>
<gridEnabled>false</gridEnabled>
<showGrid>false</showGrid>
<diagramColor>-1</diagramColor>
<display>false</display>
<notation>1</notation>
<objectViews>
<OView class="oracle.dbtools.crest.swingui.logical.TVEntity" oid="1141418A-D063-02A8-88CA-529003D748DF" otype="Entity" vid="3E03FAA7-DC76-6E4E-6670-E58FF1EAB423">
<hideElementsInCurrentOnly>false</hideElementsInCurrentOnly>
<bounds x="566" y="369" width="170" height="113"/>
</OView>
<OView class="oracle.dbtools.crest.swingui.logical.TVEntity" oid="2610F885-0E66-AB07-FA15-ABE39912BB1C" otype="Entity" vid="40A40051-76C7-3D38-41C4-CC9ECD22108A">
<hideElementsInCurrentOnly>false</hideElementsInCurrentOnly>
<bounds x="238" y="372" width="170" height="112"/>
</OView>
<OView class="oracle.dbtools.crest.swingui.logical.TVEntity" oid="412DB01B-25B7-5E0A-F07F-9ABCF4E3BBDC" otype="Entity" vid="0DD69B5E-4D98-EC07-D0DC-144069342FD9">
<hideElementsInCurrentOnly>false</hideElementsInCurrentOnly>
<bounds x="100" y="79" width="170" height="110"/>
</OView>
<OView class="oracle.dbtools.crest.swingui.logical.TVEntity" oid="7E177B1E-90F1-94A9-A8CE-4C426B596A13" otype="Entity" vid="8E4470B0-54AC-9DC3-4EE3-76572492BD07">
<hideElementsInCurrentOnly>false</hideElementsInCurrentOnly>
<bounds x="859" y="153" width="170" height="113"/>
</OView>
<OView class="oracle.dbtools.crest.swingui.logical.TVEntity" oid="7F05E3BE-DF71-28B0-E3CF-93F40A6D5F84" otype="Entity" vid="96D35152-32C2-1AC4-E820-7FEF6165D4B4">
<hideElementsInCurrentOnly>false</hideElementsInCurrentOnly>
<bounds x="309" y="144" width="170" height="112"/>
</OView>
<OView class="oracle.dbtools.crest.swingui.logical.TVEntity" oid="8F4D6D4E-A099-3C66-70FF-2C57C9EFDF57" otype="Entity" vid="A4BA363A-D86B-57D2-D8AE-A9D7891C74CB">
<hideElementsInCurrentOnly>false</hideElementsInCurrentOnly>
<bounds x="1138" y="160" width="170" height="112"/>
</OView>
<OView class="oracle.dbtools.crest.swingui.logical.TVEntity" oid="903E756A-8A46-D193-01C6-9F35A6CC4A50" otype="Entity" vid="4A2D4358-6587-B373-8A5D-D7C004946A43">
<hideElementsInCurrentOnly>false</hideElementsInCurrentOnly>
<bounds x="913" y="714" width="170" height="112"/>
</OView>
<OView class="oracle.dbtools.crest.swingui.logical.TVEntity" oid="B108DD65-D376-5957-BD78-C376EEF257AF" otype="Entity" vid="DD66CE3E-218B-270C-D0A4-411E6D835A26">
<hideElementsInCurrentOnly>false</hideElementsInCurrentOnly>
<bounds x="112" y="222" width="170" height="112"/>
</OView>
<OView class="oracle.dbtools.crest.swingui.logical.TVEntity" oid="CF250E05-9976-B8D5-0C5E-D9F2B1006850" otype="Entity" vid="F18B7923-0CFC-E1D5-A505-D9421B66DB80">
<hideElementsInCurrentOnly>false</hideElementsInCurrentOnly>
<bounds x="511" y="61" width="255" height="209"/>
</OView>
<OView class="oracle.dbtools.crest.swingui.logical.TVEntity" oid="D4D7F3CE-5345-95CF-98F9-B8C427275420" otype="Entity" vid="4F5AEC98-0A5D-D3FA-D9D1-DDDD4DDB57DF">
<hideElementsInCurrentOnly>false</hideElementsInCurrentOnly>
<bounds x="38" y="705" width="170" height="112"/>
</OView>
<OView class="oracle.dbtools.crest.swingui.logical.TVEntity" oid="E95C641C-DC8A-8F33-7E49-93C31334EC94" otype="Entity" vid="AF68383D-E5BE-1453-7FD0-20308A2AFA21">
<hideElementsInCurrentOnly>false</hideElementsInCurrentOnly>
<bounds x="552" y="593" width="170" height="113"/>
</OView>
</objectViews>
<connectors>
<Connector class="oracle.dbtools.crest.swingui.logical.TVRelation" oid="005A5D0F-812C-B600-E1DB-29139B9732FD" otype="Relation" vid_source="AF68383D-E5BE-1453-7FD0-20308A2AFA21" vid_target="3E03FAA7-DC76-6E4E-6670-E58FF1EAB423">
<hideElementsInCurrentOnly>false</hideElementsInCurrentOnly>
<backgroundColor>-16777216</backgroundColor>
<lineWidth>1</lineWidth>
<points>
<point x="644" y="593"/>
<point x="644" y="482"/>
</points>
</Connector>
<Connector class="oracle.dbtools.crest.swingui.logical.TVRelation" oid="39CC5C40-F574-96F4-02A2-31566EC943DA" otype="Relation" vid_source="F18B7923-0CFC-E1D5-A505-D9421B66DB80" vid_target="8E4470B0-54AC-9DC3-4EE3-76572492BD07">
<hideElementsInCurrentOnly>false</hideElementsInCurrentOnly>
<backgroundColor>-16777216</backgroundColor>
<lineWidth>1</lineWidth>
<points>
<point x="766" y="224"/>
<point x="859" y="224"/>
</points>
</Connector>
<Connector class="oracle.dbtools.crest.swingui.logical.TVRelation" oid="5897D08E-72E0-FFA6-0292-A7F088A47905" otype="Relation" vid_source="40A40051-76C7-3D38-41C4-CC9ECD22108A" vid_target="4F5AEC98-0A5D-D3FA-D9D1-DDDD4DDB57DF">
<hideElementsInCurrentOnly>false</hideElementsInCurrentOnly>
<backgroundColor>-16777216</backgroundColor>
<lineWidth>1</lineWidth>
<points>
<point x="238" y="426"/>
<point x="100" y="426"/>
<point x="100" y="705"/>
</points>
</Connector>
<Connector class="oracle.dbtools.crest.swingui.logical.TVRelation" oid="5F45008B-5C7F-40D3-7334-6165AC45E723" otype="Relation" vid_source="3E03FAA7-DC76-6E4E-6670-E58FF1EAB423" vid_target="40A40051-76C7-3D38-41C4-CC9ECD22108A">
<hideElementsInCurrentOnly>false</hideElementsInCurrentOnly>
<backgroundColor>-16777216</backgroundColor>
<lineWidth>1</lineWidth>
<points>
<point x="566" y="427"/>
<point x="408" y="427"/>
</points>
</Connector>
<Connector class="oracle.dbtools.crest.swingui.logical.TVRelation" oid="611BFAFF-8988-31A6-A169-AEF06DDF9FF6" otype="Relation" vid_source="4A2D4358-6587-B373-8A5D-D7C004946A43" vid_target="8E4470B0-54AC-9DC3-4EE3-76572492BD07">
<hideElementsInCurrentOnly>false</hideElementsInCurrentOnly>
<backgroundColor>-16777216</backgroundColor>
<lineWidth>1</lineWidth>
<points>
<point x="980" y="714"/>
<point x="980" y="564"/>
<point x="980" y="266"/>
</points>
</Connector>
<Connector class="oracle.dbtools.crest.swingui.logical.TVRelation" oid="6CBC4BBA-38A8-3E69-7F7A-74377CF6C36D" otype="Relation" vid_source="DD66CE3E-218B-270C-D0A4-411E6D835A26" vid_target="40A40051-76C7-3D38-41C4-CC9ECD22108A">
<hideElementsInCurrentOnly>false</hideElementsInCurrentOnly>
<backgroundColor>-16777216</backgroundColor>
<lineWidth>1</lineWidth>
<points>
<point x="260" y="334"/>
<point x="260" y="372"/>
</points>
</Connector>
<Connector class="oracle.dbtools.crest.swingui.logical.TVRelation" oid="6FFF627F-55F9-9F98-64F9-8FE49549CBF0" otype="Relation" vid_source="0DD69B5E-4D98-EC07-D0DC-144069342FD9" vid_target="4F5AEC98-0A5D-D3FA-D9D1-DDDD4DDB57DF">
<hideElementsInCurrentOnly>false</hideElementsInCurrentOnly>
<backgroundColor>-16777216</backgroundColor>
<lineWidth>1</lineWidth>
<points>
<point x="100" y="109"/>
<point x="61" y="109"/>
<point x="61" y="705"/>
</points>
</Connector>
<Connector class="oracle.dbtools.crest.swingui.logical.TVRelation" oid="81C24DE5-66FC-A41C-5404-62F4099F50D6" otype="Relation" vid_source="96D35152-32C2-1AC4-E820-7FEF6165D4B4" vid_target="40A40051-76C7-3D38-41C4-CC9ECD22108A">
<hideElementsInCurrentOnly>false</hideElementsInCurrentOnly>
<backgroundColor>-16777216</backgroundColor>
<lineWidth>1</lineWidth>
<points>
<point x="358" y="256"/>
<point x="358" y="372"/>
</points>
</Connector>
<Connector class="oracle.dbtools.crest.swingui.logical.TVRelation" oid="98B93F2B-4561-E72E-AF16-4C1BBF7FB47F" otype="Relation" vid_source="4A2D4358-6587-B373-8A5D-D7C004946A43" vid_target="4F5AEC98-0A5D-D3FA-D9D1-DDDD4DDB57DF">
<hideElementsInCurrentOnly>false</hideElementsInCurrentOnly>
<backgroundColor>-16777216</backgroundColor>
<lineWidth>1</lineWidth>
<points>
<point x="913" y="765"/>
<point x="208" y="765"/>
</points>
</Connector>
<Connector class="oracle.dbtools.crest.swingui.logical.TVRelation" oid="A4D8CD53-F404-010B-4590-6C67E32C4FBF" otype="Relation" vid_source="0DD69B5E-4D98-EC07-D0DC-144069342FD9" vid_target="F18B7923-0CFC-E1D5-A505-D9421B66DB80">
<hideElementsInCurrentOnly>false</hideElementsInCurrentOnly>
<backgroundColor>-16777216</backgroundColor>
<lineWidth>1</lineWidth>
<points>
<point x="270" y="134"/>
<point x="511" y="134"/>
</points>
</Connector>
<Connector class="oracle.dbtools.crest.swingui.logical.TVRelation" oid="A6101D48-0F87-05C4-8D42-06211FA7D2EC" otype="Relation" vid_source="3E03FAA7-DC76-6E4E-6670-E58FF1EAB423" vid_target="8E4470B0-54AC-9DC3-4EE3-76572492BD07">
<hideElementsInCurrentOnly>false</hideElementsInCurrentOnly>
<backgroundColor>-16777216</backgroundColor>
<lineWidth>1</lineWidth>
<points>
<point x="736" y="386"/>
<point x="905" y="386"/>
<point x="905" y="266"/>
</points>
</Connector>
<Connector class="oracle.dbtools.crest.swingui.logical.TVRelation" oid="D7CCCC3D-6236-6739-B62A-868509EA113C" otype="Relation" vid_source="A4BA363A-D86B-57D2-D8AE-A9D7891C74CB" vid_target="8E4470B0-54AC-9DC3-4EE3-76572492BD07">
<hideElementsInCurrentOnly>false</hideElementsInCurrentOnly>
<backgroundColor>-16777216</backgroundColor>
<lineWidth>1</lineWidth>
<points>
<point x="1138" y="213"/>
<point x="1029" y="213"/>
</points>
</Connector>
<Connector class="oracle.dbtools.crest.swingui.logical.TVRelation" oid="D7F29585-D602-66CC-6CD1-AEEF87191604" otype="Relation" vid_source="96D35152-32C2-1AC4-E820-7FEF6165D4B4" vid_target="F18B7923-0CFC-E1D5-A505-D9421B66DB80">
<hideElementsInCurrentOnly>false</hideElementsInCurrentOnly>
<backgroundColor>-16777216</backgroundColor>
<lineWidth>1</lineWidth>
<points>
<point x="479" y="200"/>
<point x="511" y="200"/>
</points>
</Connector>
<Connector class="oracle.dbtools.crest.swingui.logical.TVRelation" oid="DD5AE0B9-E763-84E9-DAF3-0D9355B60A76" otype="Relation" vid_source="F18B7923-0CFC-E1D5-A505-D9421B66DB80" vid_target="3E03FAA7-DC76-6E4E-6670-E58FF1EAB423">
<hideElementsInCurrentOnly>false</hideElementsInCurrentOnly>
<backgroundColor>-16777216</backgroundColor>
<lineWidth>1</lineWidth>
<points>
<point x="651" y="270"/>
<point x="651" y="369"/>
</points>
</Connector>
</connectors>
</Diagram>