<?xml version = '1.0' encoding = 'UTF-8'?>
<Diagram class="oracle.dbtools.crest.swingui.logical.DPVLogical" name="Logical" id="715531A8-8D1A-F1A6-1524-A318B7DAFBEF">
<createdBy>Ignacio Toledo</createdBy>
<modifiedBy>Ignacio Toledo</modifiedBy>
<createdTime>2024-10-07 23:00:28 UTC</createdTime>
<autoRoute>false</autoRoute>
<boxInbox>true</boxInbox>
<showLegend>false</showLegend>
<showLabels>false</showLabels>
<showRelAttributes>false</showRelAttributes>
<gridEnabled>false</gridEnabled>
<showGrid>false</showGrid>
<diagramColor>-1</diagramColor>
<display>false</display>
<notation>1</notation>
<objectViews>
<OView class="oracle.dbtools.crest.swingui.logical.TVEntity" oid="047890CD-1CD5-5408-9665-E5B5A8E002E0" otype="Entity" vid="95DCBE3B-0926-D875-3BFD-3287123F230A">
<hideElementsInCurrentOnly>false</hideElementsInCurrentOnly>
<bounds x="26" y="217" width="110" height="96"/>
</OView>
<OView class="oracle.dbtools.crest.swingui.logical.TVEntity" oid="1141418A-D063-02A8-88CA-529003D748DF" otype="Entity" vid="3E03FAA7-DC76-6E4E-6670-E58FF1EAB423">
<hideElementsInCurrentOnly>false</hideElementsInCurrentOnly>
<bounds x="871" y="514" width="170" height="137"/>
</OView>
<OView class="oracle.dbtools.crest.swingui.logical.TVEntity" oid="2610F885-0E66-AB07-FA15-ABE39912BB1C" otype="Entity" vid="40A40051-76C7-3D38-41C4-CC9ECD22108A">
<hideElementsInCurrentOnly>false</hideElementsInCurrentOnly>
<bounds x="641" y="622" width="169" height="113"/>
</OView>
<OView class="oracle.dbtools.crest.swingui.logical.TVEntity" oid="2C2FC5F6-B33F-DCD0-7B11-0508EFDCBDB0" otype="Entity" vid="AC60A6E2-565A-CD70-2B9C-238BC7525549">
<hideElementsInCurrentOnly>false</hideElementsInCurrentOnly>
<bounds x="636" y="445" width="170" height="110"/>
</OView>
<OView class="oracle.dbtools.crest.swingui.logical.TVEntity" oid="35C929B9-BAE6-422B-1C18-6CDD5F333B64" otype="Entity" vid="367E5766-BDAD-0C2A-5BEC-E142AC71FE28">
<hideElementsInCurrentOnly>false</hideElementsInCurrentOnly>
<bounds x="0" y="443" width="178" height="143"/>
</OView>
<OView class="oracle.dbtools.crest.swingui.logical.TVEntity" oid="3C1C7CF6-2B3E-46FD-E8AA-84E7E8FC6904" otype="Entity" vid="35F4931C-42D4-E1A0-7FDF-ADB9971E1063">
<hideElementsInCurrentOnly>false</hideElementsInCurrentOnly>
<bounds x="1025" y="877" width="283" height="124"/>
</OView>
<OView class="oracle.dbtools.crest.swingui.logical.TVEntity" oid="62A80A32-4F9E-C678-9A72-AE967CF37F0B" otype="Entity" vid="3CC2035C-BD19-DD77-574D-94D9E5F44006">
<hideElementsInCurrentOnly>false</hideElementsInCurrentOnly>
<bounds x="266" y="34" width="164" height="109"/>
</OView>
<OView class="oracle.dbtools.crest.swingui.logical.TVEntity" oid="7E177B1E-90F1-94A9-A8CE-4C426B596A13" otype="Entity" vid="8E4470B0-54AC-9DC3-4EE3-76572492BD07">
<hideElementsInCurrentOnly>false</hideElementsInCurrentOnly>
<bounds x="1088" y="72" width="170" height="122"/>
</OView>
<OView class="oracle.dbtools.crest.swingui.logical.TVEntity" oid="7F05E3BE-DF71-28B0-E3CF-93F40A6D5F84" otype="Entity" vid="96D35152-32C2-1AC4-E820-7FEF6165D4B4">
<hideElementsInCurrentOnly>false</hideElementsInCurrentOnly>
<bounds x="16" y="25" width="141" height="106"/>
</OView>
<OView class="oracle.dbtools.crest.swingui.logical.TVEntity" oid="8F4D6D4E-A099-3C66-70FF-2C57C9EFDF57" otype="Entity" vid="A4BA363A-D86B-57D2-D8AE-A9D7891C74CB">
<hideElementsInCurrentOnly>false</hideElementsInCurrentOnly>
<bounds x="1356" y="76" width="170" height="112"/>
</OView>
<OView class="oracle.dbtools.crest.swingui.logical.TVEntity" oid="903E756A-8A46-D193-01C6-9F35A6CC4A50" otype="Entity" vid="4A2D4358-6587-B373-8A5D-D7C004946A43">
<hideElementsInCurrentOnly>false</hideElementsInCurrentOnly>
<bounds x="182" y="644" width="170" height="112"/>
</OView>
<OView class="oracle.dbtools.crest.swingui.logical.TVEntity" oid="9F0F9805-6BAB-57FD-B3B9-6F7BF733A6B6" otype="Entity" vid="6D7B769E-5607-4594-5621-D1F8694FA2D7">
<hideElementsInCurrentOnly>false</hideElementsInCurrentOnly>
<bounds x="874" y="349" width="170" height="110"/>
</OView>
<OView class="oracle.dbtools.crest.swingui.logical.TVEntity" oid="B108DD65-D376-5957-BD78-C376EEF257AF" otype="Entity" vid="DD66CE3E-218B-270C-D0A4-411E6D835A26">
<hideElementsInCurrentOnly>false</hideElementsInCurrentOnly>
<bounds x="648" y="795" width="170" height="112"/>
</OView>
<OView class="oracle.dbtools.crest.swingui.logical.TVEntity" oid="B9F19E38-A230-516F-FFFC-5DD16B703002" otype="Entity" vid="17BEB54C-D8EC-A079-95FD-8374FB4BFB84">
<hideElementsInCurrentOnly>false</hideElementsInCurrentOnly>
<bounds x="409" y="765" width="154" height="96"/>
</OView>
<OView class="oracle.dbtools.crest.swingui.logical.TVEntity" oid="CF250E05-9976-B8D5-0C5E-D9F2B1006850" otype="Entity" vid="F18B7923-0CFC-E1D5-A505-D9421B66DB80">
<hideElementsInCurrentOnly>false</hideElementsInCurrentOnly>
<bounds x="578" y="0" width="413" height="312"/>
</OView>
<OView class="oracle.dbtools.crest.swingui.logical.TVEntity" oid="D4D7F3CE-5345-95CF-98F9-B8C427275420" otype="Entity" vid="4F5AEC98-0A5D-D3FA-D9D1-DDDD4DDB57DF">
<hideElementsInCurrentOnly>false</hideElementsInCurrentOnly>
<bounds x="16" y="848" width="170" height="112"/>
</OView>
<OView class="oracle.dbtools.crest.swingui.logical.TVEntity" oid="D84081E5-60E2-AAC7-8E9D-578E7D0B29F9" otype="Entity" vid="3FED70BD-725A-3ACC-F4D0-EEA23EE57146">
<hideElementsInCurrentOnly>false</hideElementsInCurrentOnly>
<bounds x="619" y="192" width="143" height="110"/>
</OView>
<OView class="oracle.dbtools.crest.swingui.logical.TVEntity" oid="E95C641C-DC8A-8F33-7E49-93C31334EC94" otype="Entity" vid="AF68383D-E5BE-1453-7FD0-20308A2AFA21">
<hideElementsInCurrentOnly>false</hideElementsInCurrentOnly>
<bounds x="857" y="712" width="170" height="113"/>
</OView>
<OView class="oracle.dbtools.crest.swingui.logical.TVEntity" oid="ECCF2FB2-8103-E16E-0292-197EF05643BF" otype="Entity" vid="D7979EC1-FE9E-4D97-F071-9C75C5B8D1F6">
<hideElementsInCurrentOnly>false</hideElementsInCurrentOnly>
<bounds x="312" y="337" width="173" height="150"/>
</OView>
</objectViews>
<connectors>
<Connector class="oracle.dbtools.crest.swingui.logical.TVRelation" oid="005A5D0F-812C-B600-E1DB-29139B9732FD" otype="Relation" vid_source="AF68383D-E5BE-1453-7FD0-20308A2AFA21" vid_target="3E03FAA7-DC76-6E4E-6670-E58FF1EAB423">
<hideElementsInCurrentOnly>false</hideElementsInCurrentOnly>
<backgroundColor>-16777216</backgroundColor>
<lineWidth>1</lineWidth>
<points>
<point x="949" y="712"/>
<point x="949" y="651"/>
</points>
</Connector>
<Connector class="oracle.dbtools.crest.swingui.logical.TVRelation" oid="0339E4FB-8041-FB13-FEC9-9E677BE9F54A" otype="Relation" vid_source="40A40051-76C7-3D38-41C4-CC9ECD22108A" vid_target="17BEB54C-D8EC-A079-95FD-8374FB4BFB84">
<hideElementsInCurrentOnly>false</hideElementsInCurrentOnly>
<backgroundColor>-16777216</backgroundColor>
<lineWidth>1</lineWidth>
<points>
<point x="641" y="639"/>
<point x="507" y="639"/>
<point x="507" y="765"/>
</points>
</Connector>
<Connector class="oracle.dbtools.crest.swingui.logical.TVRelation" oid="0ABF1AC0-9FE4-61DD-A927-3A82F2FD3362" otype="Relation" vid_source="F18B7923-0CFC-E1D5-A505-D9421B66DB80" vid_target="3CC2035C-BD19-DD77-574D-94D9E5F44006">
<hideElementsInCurrentOnly>false</hideElementsInCurrentOnly>
<backgroundColor>-16777216</backgroundColor>
<lineWidth>1</lineWidth>
<points>
<point x="578" y="88"/>
<point x="430" y="88"/>
</points>
</Connector>
<Connector class="oracle.dbtools.crest.swingui.logical.TVRelation" oid="274A3523-9223-9381-11EC-28DFAF9FA6D3" otype="Relation" vid_source="35F4931C-42D4-E1A0-7FDF-ADB9971E1063" vid_target="4F5AEC98-0A5D-D3FA-D9D1-DDDD4DDB57DF">
<hideElementsInCurrentOnly>false</hideElementsInCurrentOnly>
<backgroundColor>-16777216</backgroundColor>
<lineWidth>1</lineWidth>
<points>
<point x="1025" y="918"/>
<point x="186" y="918"/>
</points>
</Connector>
<Connector class="oracle.dbtools.crest.swingui.logical.TVRelation" oid="37429934-ECAE-9DD0-4E5F-0472CA493DBD" otype="Relation" vid_source="3E03FAA7-DC76-6E4E-6670-E58FF1EAB423" vid_target="6D7B769E-5607-4594-5621-D1F8694FA2D7">
<hideElementsInCurrentOnly>false</hideElementsInCurrentOnly>
<backgroundColor>-16777216</backgroundColor>
<lineWidth>1</lineWidth>
<points>
<point x="957" y="514"/>
<point x="957" y="459"/>
</points>
</Connector>
<Connector class="oracle.dbtools.crest.swingui.logical.TVRelation" oid="39CC5C40-F574-96F4-02A2-31566EC943DA" otype="Relation" vid_source="F18B7923-0CFC-E1D5-A505-D9421B66DB80" vid_target="8E4470B0-54AC-9DC3-4EE3-76572492BD07">
<hideElementsInCurrentOnly>false</hideElementsInCurrentOnly>
<backgroundColor>-16777216</backgroundColor>
<lineWidth>1</lineWidth>
<points>
<point x="991" y="133"/>
<point x="1088" y="133"/>
</points>
</Connector>
<Connector class="oracle.dbtools.crest.swingui.logical.TVRelation" oid="5F45008B-5C7F-40D3-7334-6165AC45E723" otype="Relation" vid_source="3E03FAA7-DC76-6E4E-6670-E58FF1EAB423" vid_target="40A40051-76C7-3D38-41C4-CC9ECD22108A">
<hideElementsInCurrentOnly>false</hideElementsInCurrentOnly>
<backgroundColor>-16777216</backgroundColor>
<lineWidth>1</lineWidth>
<points>
<point x="871" y="636"/>
<point x="810" y="636"/>
</points>
</Connector>
<Connector class="oracle.dbtools.crest.swingui.logical.TVRelation" oid="6AC79530-8FA1-C9AA-6604-D88E6A23C92D" otype="Relation" vid_source="96D35152-32C2-1AC4-E820-7FEF6165D4B4" vid_target="3CC2035C-BD19-DD77-574D-94D9E5F44006">
<hideElementsInCurrentOnly>false</hideElementsInCurrentOnly>
<backgroundColor>-16777216</backgroundColor>
<lineWidth>1</lineWidth>
<points>
<point x="157" y="82"/>
<point x="266" y="82"/>
</points>
</Connector>
<Connector class="oracle.dbtools.crest.swingui.logical.TVRelation" oid="6CBC4BBA-38A8-3E69-7F7A-74377CF6C36D" otype="Relation" vid_source="DD66CE3E-218B-270C-D0A4-411E6D835A26" vid_target="40A40051-76C7-3D38-41C4-CC9ECD22108A">
<hideElementsInCurrentOnly>false</hideElementsInCurrentOnly>
<backgroundColor>-16777216</backgroundColor>
<lineWidth>1</lineWidth>
<points>
<point x="729" y="795"/>
<point x="729" y="735"/>
</points>
</Connector>
<Connector class="oracle.dbtools.crest.swingui.logical.TVRelation" oid="70CC3B26-FB17-2CB3-D2AD-8AFF04C51D3A" otype="Relation" vid_source="D7979EC1-FE9E-4D97-F071-9C75C5B8D1F6" vid_target="17BEB54C-D8EC-A079-95FD-8374FB4BFB84">
<hideElementsInCurrentOnly>false</hideElementsInCurrentOnly>
<backgroundColor>-16777216</backgroundColor>
<lineWidth>1</lineWidth>
<points>
<point x="380" y="487"/>
<point x="380" y="823"/>
<point x="409" y="823"/>
</points>
</Connector>
<Connector class="oracle.dbtools.crest.swingui.logical.TVRelation" oid="8337EF77-E8DB-E762-ABC3-7F9B8FFD848E" otype="Relation" vid_source="F18B7923-0CFC-E1D5-A505-D9421B66DB80" vid_target="6D7B769E-5607-4594-5621-D1F8694FA2D7">
<hideElementsInCurrentOnly>false</hideElementsInCurrentOnly>
<backgroundColor>-16777216</backgroundColor>
<lineWidth>1</lineWidth>
<points>
<point x="932" y="312"/>
<point x="932" y="349"/>
</points>
</Connector>
<Connector class="oracle.dbtools.crest.swingui.logical.TVRelation" oid="86B1637B-6653-7AE1-8991-28BB85EF7043" otype="Relation" vid_source="40A40051-76C7-3D38-41C4-CC9ECD22108A" vid_target="AC60A6E2-565A-CD70-2B9C-238BC7525549">
<hideElementsInCurrentOnly>false</hideElementsInCurrentOnly>
<backgroundColor>-16777216</backgroundColor>
<lineWidth>1</lineWidth>
<points>
<point x="723" y="622"/>
<point x="723" y="555"/>
</points>
</Connector>
<Connector class="oracle.dbtools.crest.swingui.logical.TVRelation" oid="87DB2313-E7F2-68D4-AE9E-D7A3FF206ADB" otype="Relation" vid_source="3FED70BD-725A-3ACC-F4D0-EEA23EE57146" vid_target="AC60A6E2-565A-CD70-2B9C-238BC7525549">
<hideElementsInCurrentOnly>false</hideElementsInCurrentOnly>
<backgroundColor>-16777216</backgroundColor>
<lineWidth>1</lineWidth>
<points>
<point x="699" y="302"/>
<point x="699" y="445"/>
</points>
</Connector>
<Connector class="oracle.dbtools.crest.swingui.logical.TVRelation" oid="91AA1778-98CF-6CEA-4050-A1F20A645E00" otype="Relation" vid_source="F18B7923-0CFC-E1D5-A505-D9421B66DB80" vid_target="D7979EC1-FE9E-4D97-F071-9C75C5B8D1F6">
<hideElementsInCurrentOnly>false</hideElementsInCurrentOnly>
<backgroundColor>-16777216</backgroundColor>
<lineWidth>1</lineWidth>
<points>
<point x="578" y="223"/>
<point x="417" y="223"/>
<point x="417" y="337"/>
</points>
</Connector>
<Connector class="oracle.dbtools.crest.swingui.logical.TVRelation" oid="98B93F2B-4561-E72E-AF16-4C1BBF7FB47F" otype="Relation" vid_source="4A2D4358-6587-B373-8A5D-D7C004946A43" vid_target="4F5AEC98-0A5D-D3FA-D9D1-DDDD4DDB57DF">
<hideElementsInCurrentOnly>false</hideElementsInCurrentOnly>
<backgroundColor>-16777216</backgroundColor>
<lineWidth>1</lineWidth>
<points>
<point x="182" y="688"/>
<point x="130" y="688"/>
<point x="130" y="848"/>
</points>
</Connector>
<Connector class="oracle.dbtools.crest.swingui.logical.TVRelation" oid="A2D44D2E-1848-575E-6D8F-17A1137730C4" otype="Relation" vid_source="95DCBE3B-0926-D875-3BFD-3287123F230A" vid_target="96D35152-32C2-1AC4-E820-7FEF6165D4B4">
<hideElementsInCurrentOnly>false</hideElementsInCurrentOnly>
<backgroundColor>-16777216</backgroundColor>
<lineWidth>1</lineWidth>
<points>
<point x="81" y="217"/>
<point x="81" y="131"/>
</points>
</Connector>
<Connector class="oracle.dbtools.crest.swingui.logical.TVRelation" oid="A576EA9F-E990-E37A-0349-9175242F22EF" otype="Relation" vid_source="D7979EC1-FE9E-4D97-F071-9C75C5B8D1F6" vid_target="367E5766-BDAD-0C2A-5BEC-E142AC71FE28">
<hideElementsInCurrentOnly>false</hideElementsInCurrentOnly>
<backgroundColor>-16777216</backgroundColor>
<lineWidth>1</lineWidth>
<points>
<point x="312" y="465"/>
<point x="178" y="465"/>
</points>
</Connector>
<Connector class="oracle.dbtools.crest.swingui.logical.TVRelation" oid="A6101D48-0F87-05C4-8D42-06211FA7D2EC" otype="Relation" vid_source="3E03FAA7-DC76-6E4E-6670-E58FF1EAB423" vid_target="8E4470B0-54AC-9DC3-4EE3-76572492BD07">
<hideElementsInCurrentOnly>false</hideElementsInCurrentOnly>
<backgroundColor>-16777216</backgroundColor>
<lineWidth>1</lineWidth>
<points>
<point x="1041" y="626"/>
<point x="1146" y="626"/>
<point x="1146" y="194"/>
</points>
</Connector>
<Connector class="oracle.dbtools.crest.swingui.logical.TVRelation" oid="BF037C3C-2137-937A-3BFA-58AC3C4CE18F" otype="Relation" vid_source="8E4470B0-54AC-9DC3-4EE3-76572492BD07" vid_target="35F4931C-42D4-E1A0-7FDF-ADB9971E1063">
<hideElementsInCurrentOnly>false</hideElementsInCurrentOnly>
<backgroundColor>-16777216</backgroundColor>
<lineWidth>1</lineWidth>
<points>
<point x="1173" y="194"/>
<point x="1173" y="877"/>
</points>
</Connector>
<Connector class="oracle.dbtools.crest.swingui.logical.TVRelation" oid="D7CCCC3D-6236-6739-B62A-868509EA113C" otype="Relation" vid_source="A4BA363A-D86B-57D2-D8AE-A9D7891C74CB" vid_target="8E4470B0-54AC-9DC3-4EE3-76572492BD07">
<hideElementsInCurrentOnly>false</hideElementsInCurrentOnly>
<backgroundColor>-16777216</backgroundColor>
<lineWidth>1</lineWidth>
<points>
<point x="1356" y="132"/>
<point x="1258" y="132"/>
</points>
</Connector>
<Connector class="oracle.dbtools.crest.swingui.logical.TVRelation" oid="D8E45EF2-1EC5-F2ED-B222-72CA6C854DB0" otype="Relation" vid_source="4F5AEC98-0A5D-D3FA-D9D1-DDDD4DDB57DF" vid_target="367E5766-BDAD-0C2A-5BEC-E142AC71FE28">
<hideElementsInCurrentOnly>false</hideElementsInCurrentOnly>
<backgroundColor>-16777216</backgroundColor>
<lineWidth>1</lineWidth>
<points>
<point x="97" y="848"/>
<point x="97" y="586"/>
</points>
</Connector>
<Connector class="oracle.dbtools.crest.swingui.logical.TVInheritanceRelation" oid="E8E6C93E-B96A-CE48-CDE3-1C307F63F5E4" otype="Hierarchy relation" vid_source="F18B7923-0CFC-E1D5-A505-D9421B66DB80" vid_target="3FED70BD-725A-3ACC-F4D0-EEA23EE57146">
<hideElementsInCurrentOnly>false</hideElementsInCurrentOnly>
<backgroundColor>-65536</backgroundColor>
<lineWidth>1</lineWidth>
</Connector>
<Connector class="oracle.dbtools.crest.swingui.logical.TVRelation" oid="F0222143-6ECB-BF13-67B4-1DBEC69D243F" otype="Relation" vid_source="4F5AEC98-0A5D-D3FA-D9D1-DDDD4DDB57DF" vid_target="17BEB54C-D8EC-A079-95FD-8374FB4BFB84">
<hideElementsInCurrentOnly>false</hideElementsInCurrentOnly>
<backgroundColor>-16777216</backgroundColor>
<lineWidth>1</lineWidth>
<points>
<point x="186" y="906"/>
<point x="525" y="906"/>
<point x="525" y="861"/>
</points>
</Connector>
<Connector class="oracle.dbtools.crest.swingui.logical.TVRelation" oid="FCF6159A-BEFC-38C9-F86C-2346067D161B" otype="Relation" vid_source="3E03FAA7-DC76-6E4E-6670-E58FF1EAB423" vid_target="D7979EC1-FE9E-4D97-F071-9C75C5B8D1F6">
<hideElementsInCurrentOnly>false</hideElementsInCurrentOnly>
<backgroundColor>-16777216</backgroundColor>
<lineWidth>1</lineWidth>
<points>
<point x="871" y="605"/>
<point x="444" y="605"/>
<point x="444" y="487"/>
</points>
</Connector>
</connectors>
</Diagram>