<?xml version = '1.0' encoding = 'UTF-8'?>
<Relation class="oracle.dbtools.crest.model.design.logical.Relation" name="Relation_10" directorySegmentName="seg_0" id="005A5D0F-812C-B600-E1DB-29139B9732FD">
<createdBy>Ignacio Toledo</createdBy>
<createdTime>2024-10-07 23:08:24 UTC</createdTime>
<ownerDesignName>MODELO_DE_DATOS</ownerDesignName>
<engineerTo>
<item key="A7F43E3B-FC97-6168-1B69-C066F7F1F3D7" value="true"/>
</engineerTo>
<sourcePk>DCE73728-272E-8B30-02C0-6D49CE2020CB</sourcePk>
<identifying>false</identifying>
<optionalSource>false</optionalSource>
<optionalTarget>false</optionalTarget>
<sourceCardinality>1</sourceCardinality>
<sourceEntity>E95C641C-DC8A-8F33-7E49-93C31334EC94</sourceEntity>
<targetCardinalityString>*</targetCardinalityString>
<targetEntity>1141418A-D063-02A8-88CA-529003D748DF</targetEntity>
<transferable>true</transferable>
<deleteRule>NO ACTION</deleteRule>
</Relation>