<?xml version = '1.0' encoding = 'UTF-8'?>
<Relation class="oracle.dbtools.crest.model.design.logical.Relation" name="Relation_26" directorySegmentName="seg_0" id="0339E4FB-8041-FB13-FEC9-9E677BE9F54A">
<createdBy>Ignacio Toledo</createdBy>
<createdTime>2024-10-18 01:09:21 UTC</createdTime>
<ownerDesignName>Modelo_de_datos</ownerDesignName>
<engineerTo>
<item key="A7F43E3B-FC97-6168-1B69-C066F7F1F3D7" value="true"/>
</engineerTo>
<sourcePk>FB9BDC66-0294-2769-E04A-C0D620F8EE17</sourcePk>
<identifying>false</identifying>
<optionalSource>false</optionalSource>
<optionalTarget>false</optionalTarget>
<sourceCardinality>1</sourceCardinality>
<sourceEntity>2610F885-0E66-AB07-FA15-ABE39912BB1C</sourceEntity>
<targetCardinalityString>*</targetCardinalityString>
<targetEntity>B9F19E38-A230-516F-FFFC-5DD16B703002</targetEntity>
<transferable>true</transferable>
<deleteRule>NO ACTION</deleteRule>
</Relation>