<?xml version = '1.0' encoding = 'UTF-8'?>
<Relation class="oracle.dbtools.crest.model.design.logical.Relation" name="Relation_37" directorySegmentName="seg_0" id="0ABF1AC0-9FE4-61DD-A927-3A82F2FD3362">
<createdBy>HP</createdBy>
<createdTime>2024-10-17 00:32:20 UTC</createdTime>
<ownerDesignName>Modelo_de_datos</ownerDesignName>
<engineerTo>
<item key="A7F43E3B-FC97-6168-1B69-C066F7F1F3D7" value="true"/>
</engineerTo>
<sourcePk>942145E8-ACE3-F555-7A40-2482113A5825</sourcePk>
<identifying>true</identifying>
<optionalSource>false</optionalSource>
<optionalTarget>false</optionalTarget>
<sourceCardinality>1</sourceCardinality>
<sourceEntity>CF250E05-9976-B8D5-0C5E-D9F2B1006850</sourceEntity>
<targetCardinalityString>*</targetCardinalityString>
<targetEntity>62A80A32-4F9E-C678-9A72-AE967CF37F0B</targetEntity>
<transferable>true</transferable>
<deleteRule>NO ACTION</deleteRule>
</Relation>