<?xml version = '1.0' encoding = 'UTF-8'?>
<Relation class="oracle.dbtools.crest.model.design.logical.Relation" name="Relation_47" directorySegmentName="seg_0" id="274A3523-9223-9381-11EC-28DFAF9FA6D3">
<createdBy>HP</createdBy>
<createdTime>2024-10-17 01:35:28 UTC</createdTime>
<ownerDesignName>Modelo_de_datos</ownerDesignName>
<engineerTo>
<item key="A7F43E3B-FC97-6168-1B69-C066F7F1F3D7" value="true"/>
</engineerTo>
<targetPk>45129C61-722D-A6FD-3B79-74F5E799DF24</targetPk>
<identifying>false</identifying>
<optionalSource>false</optionalSource>
<optionalTarget>false</optionalTarget>
<sourceCardinality>*</sourceCardinality>
<sourceEntity>3C1C7CF6-2B3E-46FD-E8AA-84E7E8FC6904</sourceEntity>
<targetCardinalityString>1</targetCardinalityString>
<targetEntity>D4D7F3CE-5345-95CF-98F9-B8C427275420</targetEntity>
<transferable>true</transferable>
<deleteRule>NO ACTION</deleteRule>
</Relation>