<?xml version = '1.0' encoding = 'UTF-8'?>
<Relation class="oracle.dbtools.crest.model.design.logical.Relation" name="Relation_29" directorySegmentName="seg_0" id="37429934-ECAE-9DD0-4E5F-0472CA493DBD">
<createdBy>Ignacio Toledo</createdBy>
<createdTime>2024-10-22 02:03:45 UTC</createdTime>
<ownerDesignName>Modelo_de_datos</ownerDesignName>
<engineerTo>
<item key="A7F43E3B-FC97-6168-1B69-C066F7F1F3D7" value="true"/>
</engineerTo>
<sourcePk>327DE5BE-328F-6FBA-CCAB-5A8DB6EC1B39</sourcePk>
<identifying>false</identifying>
<optionalSource>false</optionalSource>
<optionalTarget>false</optionalTarget>
<sourceCardinality>1</sourceCardinality>
<sourceEntity>1141418A-D063-02A8-88CA-529003D748DF</sourceEntity>
<targetCardinalityString>*</targetCardinalityString>
<targetEntity>9F0F9805-6BAB-57FD-B3B9-6F7BF733A6B6</targetEntity>
<transferable>true</transferable>
<deleteRule>NO ACTION</deleteRule>
</Relation>