<?xml version = '1.0' encoding = 'UTF-8'?>
<Relation class="oracle.dbtools.crest.model.design.logical.Relation" name="Relation_21" directorySegmentName="seg_0" id="39CC5C40-F574-96F4-02A2-31566EC943DA">
<createdBy>Ignacio Toledo</createdBy>
<createdTime>2024-10-08 20:32:57 UTC</createdTime>
<ownerDesignName>MODELO_DE_DATOS</ownerDesignName>
<engineerTo>
<item key="A7F43E3B-FC97-6168-1B69-C066F7F1F3D7" value="true"/>
</engineerTo>
<sourcePk>942145E8-ACE3-F555-7A40-2482113A5825</sourcePk>
<identifying>false</identifying>
<optionalSource>true</optionalSource>
<optionalTarget>false</optionalTarget>
<sourceCardinality>1</sourceCardinality>
<sourceEntity>CF250E05-9976-B8D5-0C5E-D9F2B1006850</sourceEntity>
<targetCardinalityString>*</targetCardinalityString>
<targetEntity>7E177B1E-90F1-94A9-A8CE-4C426B596A13</targetEntity>
<transferable>true</transferable>
<deleteRule>NO ACTION</deleteRule>
</Relation>