<?xml version = '1.0' encoding = 'UTF-8'?>
<Relation class="oracle.dbtools.crest.model.design.logical.Relation" name="Relation_7" directorySegmentName="seg_0" id="5897D08E-72E0-FFA6-0292-A7F088A47905">
<createdBy>Ignacio Toledo</createdBy>
<createdTime>2024-10-07 23:07:54 UTC</createdTime>
<ownerDesignName>MODELO_DE_DATOS</ownerDesignName>
<engineerTo>
<item key="A7F43E3B-FC97-6168-1B69-C066F7F1F3D7" value="true"/>
</engineerTo>
<identifying>false</identifying>
<optionalSource>false</optionalSource>
<optionalTarget>false</optionalTarget>
<sourceCardinality>*</sourceCardinality>
<sourceEntity>2610F885-0E66-AB07-FA15-ABE39912BB1C</sourceEntity>
<targetCardinalityString>*</targetCardinalityString>
<targetEntity>D4D7F3CE-5345-95CF-98F9-B8C427275420</targetEntity>
<transferable>true</transferable>
<deleteRule>NO ACTION</deleteRule>
</Relation>