<?xml version = '1.0' encoding = 'UTF-8'?>
<Relation class="oracle.dbtools.crest.model.design.logical.Relation" name="Relation_11" directorySegmentName="seg_0" id="5F45008B-5C7F-40D3-7334-6165AC45E723">
<createdBy>Ignacio Toledo</createdBy>
<createdTime>2024-10-07 23:08:42 UTC</createdTime>
<ownerDesignName>MODELO_DE_DATOS</ownerDesignName>
<engineerTo>
<item key="A7F43E3B-FC97-6168-1B69-C066F7F1F3D7" value="true"/>
</engineerTo>
<sourcePk>327DE5BE-328F-6FBA-CCAB-5A8DB6EC1B39</sourcePk>
<identifying>false</identifying>
<optionalSource>true</optionalSource>
<optionalTarget>false</optionalTarget>
<sourceCardinality>1</sourceCardinality>
<sourceEntity>1141418A-D063-02A8-88CA-529003D748DF</sourceEntity>
<targetCardinalityString>*</targetCardinalityString>
<targetEntity>2610F885-0E66-AB07-FA15-ABE39912BB1C</targetEntity>
<transferable>true</transferable>
<deleteRule>NO ACTION</deleteRule>
</Relation>