<?xml version = '1.0' encoding = 'UTF-8'?>
<Relation class="oracle.dbtools.crest.model.design.logical.Relation" name="Relation_22" directorySegmentName="seg_0" id="611BFAFF-8988-31A6-A169-AEF06DDF9FF6">
<createdBy>Ignacio Toledo</createdBy>
<createdTime>2024-10-08 20:35:04 UTC</createdTime>
<ownerDesignName>MODELO_DE_DATOS</ownerDesignName>
<engineerTo>
<item key="A7F43E3B-FC97-6168-1B69-C066F7F1F3D7" value="true"/>
</engineerTo>
<sourcePk>A23D9135-33F9-EFF2-5B58-2E1406E94044</sourcePk>
<identifying>false</identifying>
<optionalSource>true</optionalSource>
<optionalTarget>false</optionalTarget>
<sourceCardinality>1</sourceCardinality>
<sourceEntity>903E756A-8A46-D193-01C6-9F35A6CC4A50</sourceEntity>
<targetCardinalityString>*</targetCardinalityString>
<targetEntity>7E177B1E-90F1-94A9-A8CE-4C426B596A13</targetEntity>
<transferable>true</transferable>
<deleteRule>NO ACTION</deleteRule>
</Relation>