<?xml version = '1.0' encoding = 'UTF-8'?>
<Relation class="oracle.dbtools.crest.model.design.logical.Relation" name="Relation_34" directorySegmentName="seg_0" id="6AC79530-8FA1-C9AA-6604-D88E6A23C92D">
<createdBy>HP</createdBy>
<createdTime>2024-10-17 00:30:23 UTC</createdTime>
<ownerDesignName>Modelo_de_datos</ownerDesignName>
<engineerTo>
<item key="A7F43E3B-FC97-6168-1B69-C066F7F1F3D7" value="true"/>
</engineerTo>
<sourcePk>FB62AE51-CD82-4CB7-04AF-CE4F162BA584</sourcePk>
<identifying>true</identifying>
<optionalSource>false</optionalSource>
<optionalTarget>false</optionalTarget>
<sourceCardinality>1</sourceCardinality>
<sourceEntity>7F05E3BE-DF71-28B0-E3CF-93F40A6D5F84</sourceEntity>
<targetCardinalityString>*</targetCardinalityString>
<targetEntity>62A80A32-4F9E-C678-9A72-AE967CF37F0B</targetEntity>
<transferable>true</transferable>
<deleteRule>NO ACTION</deleteRule>
</Relation>