<?xml version = '1.0' encoding = 'UTF-8'?>
<Relation class="oracle.dbtools.crest.model.design.logical.Relation" name="Relation_18" directorySegmentName="seg_0" id="6CBC4BBA-38A8-3E69-7F7A-74377CF6C36D">
<createdBy>Ignacio Toledo</createdBy>
<createdTime>2024-10-08 20:28:41 UTC</createdTime>
<ownerDesignName>Modelo_de_datos</ownerDesignName>
<engineerTo>
<item key="A7F43E3B-FC97-6168-1B69-C066F7F1F3D7" value="true"/>
</engineerTo>
<sourcePk>3E1B2877-02BA-66BA-E614-577101FEDE3A</sourcePk>
<targetPk>FB9BDC66-0294-2769-E04A-C0D620F8EE17</targetPk>
<identifying>false</identifying>
<optionalSource>false</optionalSource>
<optionalTarget>false</optionalTarget>
<sourceCardinality>*</sourceCardinality>
<sourceEntity>B108DD65-D376-5957-BD78-C376EEF257AF</sourceEntity>
<targetCardinalityString>1</targetCardinalityString>
<targetEntity>2610F885-0E66-AB07-FA15-ABE39912BB1C</targetEntity>
<transferable>true</transferable>
<deleteRule>NO ACTION</deleteRule>
</Relation>