<?xml version = '1.0' encoding = 'UTF-8'?>
<Relation class="oracle.dbtools.crest.model.design.logical.Relation" name="Relation_15" directorySegmentName="seg_0" id="6FFF627F-55F9-9F98-64F9-8FE49549CBF0">
<createdBy>Ignacio Toledo</createdBy>
<createdTime>2024-10-07 23:19:26 UTC</createdTime>
<ownerDesignName>MODELO_DE_DATOS</ownerDesignName>
<engineerTo>
<item key="A7F43E3B-FC97-6168-1B69-C066F7F1F3D7" value="true"/>
</engineerTo>
<identifying>false</identifying>
<optionalSource>false</optionalSource>
<optionalTarget>false</optionalTarget>
<sourceCardinality>*</sourceCardinality>
<sourceEntity>412DB01B-25B7-5E0A-F07F-9ABCF4E3BBDC</sourceEntity>
<targetCardinalityString>*</targetCardinalityString>
<targetEntity>D4D7F3CE-5345-95CF-98F9-B8C427275420</targetEntity>
<transferable>true</transferable>
<deleteRule>NO ACTION</deleteRule>
</Relation>