<?xml version = '1.0' encoding = 'UTF-8'?>
<Relation class="oracle.dbtools.crest.model.design.logical.Relation" name="Relation_25" directorySegmentName="seg_0" id="70CC3B26-FB17-2CB3-D2AD-8AFF04C51D3A">
<createdBy>Ignacio Toledo</createdBy>
<createdTime>2024-10-21 23:13:43 UTC</createdTime>
<ownerDesignName>Modelo_de_datos</ownerDesignName>
<engineerTo>
<item key="A7F43E3B-FC97-6168-1B69-C066F7F1F3D7" value="true"/>
</engineerTo>
<sourcePk>87FE8D72-E1CD-3A77-EA7C-3DABF53B6D84</sourcePk>
<identifying>false</identifying>
<optionalSource>false</optionalSource>
<optionalTarget>false</optionalTarget>
<sourceCardinality>1</sourceCardinality>
<sourceEntity>ECCF2FB2-8103-E16E-0292-197EF05643BF</sourceEntity>
<targetCardinalityString>*</targetCardinalityString>
<targetEntity>B9F19E38-A230-516F-FFFC-5DD16B703002</targetEntity>
<transferable>true</transferable>
<deleteRule>NO ACTION</deleteRule>
</Relation>