<?xml version = '1.0' encoding = 'UTF-8'?>
<Relation class="oracle.dbtools.crest.model.design.logical.Relation" name="Relation_19" directorySegmentName="seg_0" id="81C24DE5-66FC-A41C-5404-62F4099F50D6">
<createdBy>Ignacio Toledo</createdBy>
<createdTime>2024-10-08 20:30:10 UTC</createdTime>
<ownerDesignName>MODELO_DE_DATOS</ownerDesignName>
<engineerTo>
<item key="A7F43E3B-FC97-6168-1B69-C066F7F1F3D7" value="true"/>
</engineerTo>
<sourcePk>FB62AE51-CD82-4CB7-04AF-CE4F162BA584</sourcePk>
<identifying>false</identifying>
<optionalSource>false</optionalSource>
<optionalTarget>false</optionalTarget>
<sourceCardinality>1</sourceCardinality>
<sourceEntity>7F05E3BE-DF71-28B0-E3CF-93F40A6D5F84</sourceEntity>
<targetCardinalityString>*</targetCardinalityString>
<targetEntity>2610F885-0E66-AB07-FA15-ABE39912BB1C</targetEntity>
<transferable>true</transferable>
<deleteRule>NO ACTION</deleteRule>
</Relation>