<?xml version = '1.0' encoding = 'UTF-8'?>
<Relation class="oracle.dbtools.crest.model.design.logical.Relation" name="Relation_30" directorySegmentName="seg_0" id="8337EF77-E8DB-E762-ABC3-7F9B8FFD848E">
<createdBy>Ignacio Toledo</createdBy>
<createdTime>2024-10-22 02:03:49 UTC</createdTime>
<ownerDesignName>Modelo_de_datos</ownerDesignName>
<engineerTo>
<item key="A7F43E3B-FC97-6168-1B69-C066F7F1F3D7" value="true"/>
</engineerTo>
<sourcePk>942145E8-ACE3-F555-7A40-2482113A5825</sourcePk>
<identifying>false</identifying>
<optionalSource>false</optionalSource>
<optionalTarget>false</optionalTarget>
<sourceCardinality>1</sourceCardinality>
<sourceEntity>CF250E05-9976-B8D5-0C5E-D9F2B1006850</sourceEntity>
<targetCardinalityString>*</targetCardinalityString>
<targetEntity>9F0F9805-6BAB-57FD-B3B9-6F7BF733A6B6</targetEntity>
<transferable>true</transferable>
<deleteRule>NO ACTION</deleteRule>
</Relation>