<?xml version = '1.0' encoding = 'UTF-8'?>
<Relation class="oracle.dbtools.crest.model.design.logical.Relation" name="Relation_32" directorySegmentName="seg_0" id="86B1637B-6653-7AE1-8991-28BB85EF7043">
<createdBy>Ignacio Toledo</createdBy>
<createdTime>2024-10-22 02:36:28 UTC</createdTime>
<ownerDesignName>Modelo_de_datos</ownerDesignName>
<engineerTo>
<item key="A7F43E3B-FC97-6168-1B69-C066F7F1F3D7" value="true"/>
</engineerTo>
<sourcePk>FB9BDC66-0294-2769-E04A-C0D620F8EE17</sourcePk>
<identifying>false</identifying>
<optionalSource>false</optionalSource>
<optionalTarget>false</optionalTarget>
<sourceCardinality>1</sourceCardinality>
<sourceEntity>2610F885-0E66-AB07-FA15-ABE39912BB1C</sourceEntity>
<targetCardinalityString>*</targetCardinalityString>
<targetEntity>2C2FC5F6-B33F-DCD0-7B11-0508EFDCBDB0</targetEntity>
<transferable>true</transferable>
<deleteRule>NO ACTION</deleteRule>
</Relation>