<?xml version = '1.0' encoding = 'UTF-8'?>
<Relation class="oracle.dbtools.crest.model.design.logical.Relation" name="}" directorySegmentName="seg_0" id="87DB2313-E7F2-68D4-AE9E-D7A3FF206ADB">
<createdBy>Ignacio Toledo</createdBy>
<createdTime>2024-10-22 02:36:23 UTC</createdTime>
<ownerDesignName>Modelo_de_datos</ownerDesignName>
<engineerTo>
<item key="A7F43E3B-FC97-6168-1B69-C066F7F1F3D7" value="true"/>
</engineerTo>
<sourcePk>942145E8-ACE3-F555-7A40-2482113A5825</sourcePk>
<identifying>false</identifying>
<optionalSource>false</optionalSource>
<optionalTarget>false</optionalTarget>
<sourceCardinality>1</sourceCardinality>
<sourceEntity>D84081E5-60E2-AAC7-8E9D-578E7D0B29F9</sourceEntity>
<targetCardinalityString>*</targetCardinalityString>
<targetEntity>2C2FC5F6-B33F-DCD0-7B11-0508EFDCBDB0</targetEntity>
<transferable>true</transferable>
<deleteRule>NO ACTION</deleteRule>
</Relation>