<?xml version = '1.0' encoding = 'UTF-8'?>
<Relation class="oracle.dbtools.crest.model.design.logical.Relation" name="Relation_5" directorySegmentName="seg_0" id="98B93F2B-4561-E72E-AF16-4C1BBF7FB47F">
<createdBy>Ignacio Toledo</createdBy>
<createdTime>2024-10-07 23:07:25 UTC</createdTime>
<ownerDesignName>Modelo_de_datos</ownerDesignName>
<engineerTo>
<item key="A7F43E3B-FC97-6168-1B69-C066F7F1F3D7" value="true"/>
</engineerTo>
<sourcePk>A23D9135-33F9-EFF2-5B58-2E1406E94044</sourcePk>
<identifying>false</identifying>
<optionalSource>false</optionalSource>
<optionalTarget>false</optionalTarget>
<sourceCardinality>1</sourceCardinality>
<sourceEntity>903E756A-8A46-D193-01C6-9F35A6CC4A50</sourceEntity>
<targetCardinalityString>*</targetCardinalityString>
<targetEntity>D4D7F3CE-5345-95CF-98F9-B8C427275420</targetEntity>
<transferable>true</transferable>
<deleteRule>NO ACTION</deleteRule>
</Relation>