<?xml version = '1.0' encoding = 'UTF-8'?>
<Relation class="oracle.dbtools.crest.model.design.logical.Relation" name="permiso_rol" directorySegmentName="seg_0" id="A2D44D2E-1848-575E-6D8F-17A1137730C4">
<createdBy>HP</createdBy>
<createdTime>2024-10-10 00:27:20 UTC</createdTime>
<ownerDesignName>Modelo_de_datos</ownerDesignName>
<engineerTo>
<item key="A7F43E3B-FC97-6168-1B69-C066F7F1F3D7" value="true"/>
</engineerTo>
<sourcePk>49D60762-24A8-90BE-3644-986065961251</sourcePk>
<identifying>false</identifying>
<optionalSource>true</optionalSource>
<optionalTarget>false</optionalTarget>
<sourceCardinality>*</sourceCardinality>
<sourceEntity>047890CD-1CD5-5408-9665-E5B5A8E002E0</sourceEntity>
<targetCardinalityString>*</targetCardinalityString>
<targetEntity>7F05E3BE-DF71-28B0-E3CF-93F40A6D5F84</targetEntity>
<transferable>true</transferable>
<deleteRule>NO ACTION</deleteRule>
</Relation>