<?xml version = '1.0' encoding = 'UTF-8'?>
<Relation class="oracle.dbtools.crest.model.design.logical.Relation" name="Relation_3" directorySegmentName="seg_0" id="A4D8CD53-F404-010B-4590-6C67E32C4FBF">
<createdBy>Ignacio Toledo</createdBy>
<createdTime>2024-10-07 23:06:51 UTC</createdTime>
<ownerDesignName>MODELO_DE_DATOS</ownerDesignName>
<engineerTo>
<item key="A7F43E3B-FC97-6168-1B69-C066F7F1F3D7" value="true"/>
</engineerTo>
<sourcePk>068F5112-714D-708E-8A4D-AAC7B4A4ABE4</sourcePk>
<identifying>false</identifying>
<optionalSource>true</optionalSource>
<optionalTarget>false</optionalTarget>
<sourceCardinality>1</sourceCardinality>
<sourceEntity>412DB01B-25B7-5E0A-F07F-9ABCF4E3BBDC</sourceEntity>
<targetCardinalityString>*</targetCardinalityString>
<targetEntity>CF250E05-9976-B8D5-0C5E-D9F2B1006850</targetEntity>
<transferable>true</transferable>
<deleteRule>NO ACTION</deleteRule>
</Relation>