<?xml version = '1.0' encoding = 'UTF-8'?>
<Relation class="oracle.dbtools.crest.model.design.logical.Relation" name="Relation_39" directorySegmentName="seg_0" id="A576EA9F-E990-E37A-0349-9175242F22EF">
<createdBy>HP</createdBy>
<createdTime>2024-10-17 01:06:47 UTC</createdTime>
<ownerDesignName>Modelo_de_datos</ownerDesignName>
<engineerTo>
<item key="A7F43E3B-FC97-6168-1B69-C066F7F1F3D7" value="true"/>
</engineerTo>
<sourcePk>87FE8D72-E1CD-3A77-EA7C-3DABF53B6D84</sourcePk>
<identifying>false</identifying>
<optionalSource>false</optionalSource>
<optionalTarget>false</optionalTarget>
<sourceCardinality>1</sourceCardinality>
<sourceEntity>ECCF2FB2-8103-E16E-0292-197EF05643BF</sourceEntity>
<targetCardinalityString>*</targetCardinalityString>
<targetEntity>35C929B9-BAE6-422B-1C18-6CDD5F333B64</targetEntity>
<transferable>true</transferable>
<deleteRule>NO ACTION</deleteRule>
</Relation>