<?xml version = '1.0' encoding = 'UTF-8'?>
<Relation class="oracle.dbtools.crest.model.design.logical.Relation" name="Relation_12" directorySegmentName="seg_0" id="A6101D48-0F87-05C4-8D42-06211FA7D2EC">
<createdBy>Ignacio Toledo</createdBy>
<createdTime>2024-10-07 23:16:40 UTC</createdTime>
<ownerDesignName>MODELO_DE_DATOS</ownerDesignName>
<engineerTo>
<item key="A7F43E3B-FC97-6168-1B69-C066F7F1F3D7" value="true"/>
</engineerTo>
<sourcePk>327DE5BE-328F-6FBA-CCAB-5A8DB6EC1B39</sourcePk>
<identifying>false</identifying>
<optionalSource>false</optionalSource>
<optionalTarget>false</optionalTarget>
<sourceCardinality>1</sourceCardinality>
<sourceEntity>1141418A-D063-02A8-88CA-529003D748DF</sourceEntity>
<targetCardinalityString>*</targetCardinalityString>
<targetEntity>7E177B1E-90F1-94A9-A8CE-4C426B596A13</targetEntity>
<transferable>true</transferable>
<deleteRule>NO ACTION</deleteRule>
</Relation>