<?xml version = '1.0' encoding = 'UTF-8'?>
<Relation class="oracle.dbtools.crest.model.design.logical.Relation" name="Relation_46" directorySegmentName="seg_0" id="BF037C3C-2137-937A-3BFA-58AC3C4CE18F">
<createdBy>HP</createdBy>
<createdTime>2024-10-17 01:34:39 UTC</createdTime>
<ownerDesignName>Modelo_de_datos</ownerDesignName>
<engineerTo>
<item key="A7F43E3B-FC97-6168-1B69-C066F7F1F3D7" value="true"/>
</engineerTo>
<sourcePk>F7A50B43-4D5D-03F1-733F-36231D26A7C7</sourcePk>
<identifying>false</identifying>
<optionalSource>false</optionalSource>
<optionalTarget>false</optionalTarget>
<sourceCardinality>1</sourceCardinality>
<sourceEntity>7E177B1E-90F1-94A9-A8CE-4C426B596A13</sourceEntity>
<targetCardinalityString>*</targetCardinalityString>
<targetEntity>3C1C7CF6-2B3E-46FD-E8AA-84E7E8FC6904</targetEntity>
<transferable>true</transferable>
<deleteRule>NO ACTION</deleteRule>
</Relation>