<?xml version = '1.0' encoding = 'UTF-8'?>
<Relation class="oracle.dbtools.crest.model.design.logical.Relation" name="Relation_14" directorySegmentName="seg_0" id="D7CCCC3D-6236-6739-B62A-868509EA113C">
<createdBy>Ignacio Toledo</createdBy>
<createdTime>2024-10-07 23:17:44 UTC</createdTime>
<ownerDesignName>Modelo_de_datos</ownerDesignName>
<engineerTo>
<item key="A7F43E3B-FC97-6168-1B69-C066F7F1F3D7" value="true"/>
</engineerTo>
<sourcePk>314B273D-2CD4-9075-C145-E917706E5221</sourcePk>
<identifying>false</identifying>
<optionalSource>true</optionalSource>
<optionalTarget>true</optionalTarget>
<sourceCardinality>1</sourceCardinality>
<sourceEntity>8F4D6D4E-A099-3C66-70FF-2C57C9EFDF57</sourceEntity>
<targetCardinalityString>*</targetCardinalityString>
<targetEntity>7E177B1E-90F1-94A9-A8CE-4C426B596A13</targetEntity>
<transferable>true</transferable>
<deleteRule>NO ACTION</deleteRule>
</Relation>