<?xml version = '1.0' encoding = 'UTF-8'?>
<Relation class="oracle.dbtools.crest.model.design.logical.Relation" name="Relation_8" directorySegmentName="seg_0" id="D7F29585-D602-66CC-6CD1-AEEF87191604">
<createdBy>Ignacio Toledo</createdBy>
<createdTime>2024-10-07 23:08:03 UTC</createdTime>
<ownerDesignName>MODELO_DE_DATOS</ownerDesignName>
<engineerTo>
<item key="A7F43E3B-FC97-6168-1B69-C066F7F1F3D7" value="true"/>
</engineerTo>
<sourcePk>FB62AE51-CD82-4CB7-04AF-CE4F162BA584</sourcePk>
<identifying>false</identifying>
<optionalSource>false</optionalSource>
<optionalTarget>false</optionalTarget>
<sourceCardinality>1</sourceCardinality>
<sourceEntity>7F05E3BE-DF71-28B0-E3CF-93F40A6D5F84</sourceEntity>
<targetCardinalityString>*</targetCardinalityString>
<targetEntity>CF250E05-9976-B8D5-0C5E-D9F2B1006850</targetEntity>
<transferable>true</transferable>
<deleteRule>NO ACTION</deleteRule>
</Relation>