<?xml version = '1.0' encoding = 'UTF-8'?>
<Relation class="oracle.dbtools.crest.model.design.logical.Relation" name="Relation_40" directorySegmentName="seg_0" id="D8E45EF2-1EC5-F2ED-B222-72CA6C854DB0">
<createdBy>HP</createdBy>
<createdTime>2024-10-17 01:07:26 UTC</createdTime>
<ownerDesignName>Modelo_de_datos</ownerDesignName>
<engineerTo>
<item key="A7F43E3B-FC97-6168-1B69-C066F7F1F3D7" value="true"/>
</engineerTo>
<sourcePk>45129C61-722D-A6FD-3B79-74F5E799DF24</sourcePk>
<identifying>false</identifying>
<optionalSource>false</optionalSource>
<optionalTarget>false</optionalTarget>
<sourceCardinality>1</sourceCardinality>
<sourceEntity>D4D7F3CE-5345-95CF-98F9-B8C427275420</sourceEntity>
<targetCardinalityString>*</targetCardinalityString>
<targetEntity>35C929B9-BAE6-422B-1C18-6CDD5F333B64</targetEntity>
<transferable>true</transferable>
<deleteRule>NO ACTION</deleteRule>
</Relation>