<?xml version = '1.0' encoding = 'UTF-8'?>
<Relation class="oracle.dbtools.crest.model.design.logical.Relation" name="Relation_2" directorySegmentName="seg_0" id="DD5AE0B9-E763-84E9-DAF3-0D9355B60A76">
<createdBy>Ignacio Toledo</createdBy>
<createdTime>2024-10-07 23:06:46 UTC</createdTime>
<ownerDesignName>MODELO_DE_DATOS</ownerDesignName>
<engineerTo>
<item key="A7F43E3B-FC97-6168-1B69-C066F7F1F3D7" value="true"/>
</engineerTo>
<sourcePk>942145E8-ACE3-F555-7A40-2482113A5825</sourcePk>
<identifying>false</identifying>
<optionalSource>true</optionalSource>
<optionalTarget>false</optionalTarget>
<sourceCardinality>1</sourceCardinality>
<sourceEntity>CF250E05-9976-B8D5-0C5E-D9F2B1006850</sourceEntity>
<targetCardinalityString>*</targetCardinalityString>
<targetEntity>1141418A-D063-02A8-88CA-529003D748DF</targetEntity>
<transferable>true</transferable>
<deleteRule>NO ACTION</deleteRule>
</Relation>