<?xml version = '1.0' encoding = 'UTF-8'?>
<Relation class="oracle.dbtools.crest.model.design.logical.Relation" name="Relation_24" directorySegmentName="seg_0" id="F0222143-6ECB-BF13-67B4-1DBEC69D243F">
<createdBy>Ignacio Toledo</createdBy>
<createdTime>2024-10-18 01:08:55 UTC</createdTime>
<ownerDesignName>Modelo_de_datos</ownerDesignName>
<engineerTo>
<item key="A7F43E3B-FC97-6168-1B69-C066F7F1F3D7" value="true"/>
</engineerTo>
<sourcePk>45129C61-722D-A6FD-3B79-74F5E799DF24</sourcePk>
<identifying>false</identifying>
<optionalSource>false</optionalSource>
<optionalTarget>false</optionalTarget>
<sourceCardinality>1</sourceCardinality>
<sourceEntity>D4D7F3CE-5345-95CF-98F9-B8C427275420</sourceEntity>
<targetCardinalityString>*</targetCardinalityString>
<targetEntity>B9F19E38-A230-516F-FFFC-5DD16B703002</targetEntity>
<transferable>true</transferable>
<deleteRule>NO ACTION</deleteRule>
</Relation>