<?xml version = '1.0' encoding = 'UTF-8'?>
<Relation class="oracle.dbtools.crest.model.design.logical.Relation" name="Relation_28" directorySegmentName="seg_0" id="FCF6159A-BEFC-38C9-F86C-2346067D161B">
<createdBy>Ignacio Toledo</createdBy>
<createdTime>2024-10-21 23:14:43 UTC</createdTime>
<ownerDesignName>Modelo_de_datos</ownerDesignName>
<engineerTo>
<item key="A7F43E3B-FC97-6168-1B69-C066F7F1F3D7" value="true"/>
</engineerTo>
<sourcePk>327DE5BE-328F-6FBA-CCAB-5A8DB6EC1B39</sourcePk>
<identifying>false</identifying>
<optionalSource>true</optionalSource>
<optionalTarget>false</optionalTarget>
<sourceCardinality>1</sourceCardinality>
<sourceEntity>1141418A-D063-02A8-88CA-529003D748DF</sourceEntity>
<targetCardinalityString>*</targetCardinalityString>
<targetEntity>ECCF2FB2-8103-E16E-0292-197EF05643BF</targetEntity>
<transferable>true</transferable>
<deleteRule>NO ACTION</deleteRule>
</Relation>