<?xml version = '1.0' encoding = 'UTF-8'?>
<Entity class="oracle.dbtools.crest.model.design.logical.Entity" directorySegmentName="seg_0" id="1141418A-D063-02A8-88CA-529003D748DF" name="AUTO">
<createdBy>Ignacio Toledo</createdBy>
<createdTime>2024-10-07 23:00:49 UTC</createdTime>
<ownerDesignName>Modelo_de_datos</ownerDesignName>
<engineerTo>
<item key="A7F43E3B-FC97-6168-1B69-C066F7F1F3D7" value="true"/>
</engineerTo>
<adequatelyNormalized>NO</adequatelyNormalized>
<expectedVolumes>0</expectedVolumes>
<fwdEngineeringStrategyName>Single Table</fwdEngineeringStrategyName>
<growthPercent>0</growthPercent>
<growthType>Year</growthType>
<maxVolumes>9999999</maxVolumes>
<minVolumes>0</minVolumes>
<normalForm>Third</normalForm>
<attributes itemClass="oracle.dbtools.crest.model.design.logical.Attribute">
<Attribute name="id_auto" id="5CCBDD0F-60A0-14E4-68DB-C527075E3152">
<createdBy>Ignacio Toledo</createdBy>
<createdTime>2024-10-08 03:05:41 UTC</createdTime>
<ownerDesignName>Modelo_de_datos</ownerDesignName>
<engineerTo>
<item key="A7F43E3B-FC97-6168-1B69-C066F7F1F3D7" value="true"/>
</engineerTo>
<useDomainConstraints>false</useDomainConstraints>
<use>1</use>
<logicalDatatype>LOGDT037</logicalDatatype>
<dataTypeSize>50</dataTypeSize>
<ownDataTypeParameters>50,,</ownDataTypeParameters>
</Attribute>
<Attribute name="id_marca" id="EA02BE49-1C2C-073B-1421-2A7DD003E958">
<createdBy>Ignacio Toledo</createdBy>
<createdTime>2024-10-08 03:00:49 UTC</createdTime>
<generatorID>005A5D0F-812C-B600-E1DB-29139B9732FD</generatorID>
<ownerDesignName>Modelo_de_datos</ownerDesignName>
<engineerTo>
<item key="A7F43E3B-FC97-6168-1B69-C066F7F1F3D7" value="true"/>
</engineerTo>
<referedAttribute>0D92A582-6916-F32D-02ED-9221B8FF59E1</referedAttribute>
<useDomainConstraints>false</useDomainConstraints>
<use>1</use>
<logicalDatatype>LOGDT037</logicalDatatype>
<dataTypeSize>50</dataTypeSize>
<ownDataTypeParameters>50,,</ownDataTypeParameters>
</Attribute>
<Attribute name="patente" id="C42340CB-8CDD-9962-6239-F0C60C565A67">
<createdBy>Ignacio Toledo</createdBy>
<createdTime>2024-10-08 03:02:34 UTC</createdTime>
<ownerDesignName>Modelo_de_datos</ownerDesignName>
<engineerTo>
<item key="A7F43E3B-FC97-6168-1B69-C066F7F1F3D7" value="true"/>
</engineerTo>
<useDomainConstraints>false</useDomainConstraints>
<use>1</use>
<logicalDatatype>LOGDT024</logicalDatatype>
<dataTypeSize>50</dataTypeSize>
<ownDataTypeParameters>50,,</ownDataTypeParameters>
</Attribute>
<Attribute name="modelo" id="99F14E02-51BF-0890-8E3B-12EC1A180222">
<createdBy>Ignacio Toledo</createdBy>
<createdTime>2024-10-08 03:03:33 UTC</createdTime>
<ownerDesignName>Modelo_de_datos</ownerDesignName>
<engineerTo>
<item key="A7F43E3B-FC97-6168-1B69-C066F7F1F3D7" value="true"/>
</engineerTo>
<useDomainConstraints>false</useDomainConstraints>
<use>1</use>
<logicalDatatype>LOGDT024</logicalDatatype>
<dataTypeSize>50</dataTypeSize>
<ownDataTypeParameters>50,,</ownDataTypeParameters>
</Attribute>
<Attribute name="anio" id="B95FB246-6DE8-A9DF-1A76-CD92B8E0A0A9">
<createdBy>Ignacio Toledo</createdBy>
<createdTime>2024-10-08 03:04:48 UTC</createdTime>
<ownerDesignName>Modelo_de_datos</ownerDesignName>
<engineerTo>
<item key="A7F43E3B-FC97-6168-1B69-C066F7F1F3D7" value="true"/>
</engineerTo>
<useDomainConstraints>false</useDomainConstraints>
<use>1</use>
<logicalDatatype>LOGDT019</logicalDatatype>
<dataTypePrecision>4</dataTypePrecision>
<ownDataTypeParameters>,4,</ownDataTypeParameters>
</Attribute>
<Attribute name="esta_habilitado" id="BB7057CD-BF49-480C-D065-404BC746ED0B">
<createdBy>HP</createdBy>
<createdTime>2024-10-17 00:42:27 UTC</createdTime>
<commentInRDBMS><![CDATA[este valor por defecto deberia estar en verdadero]]></commentInRDBMS>
<ownerDesignName>Modelo_de_datos</ownerDesignName>
<engineerTo>
<item key="A7F43E3B-FC97-6168-1B69-C066F7F1F3D7" value="true"/>
</engineerTo>
<useDomainConstraints>false</useDomainConstraints>
<use>1</use>
<logicalDatatype>LOGDT006</logicalDatatype>
<dataTypeSize>2</dataTypeSize>
<ownDataTypeParameters>2,,</ownDataTypeParameters>
</Attribute>
<Attribute name="creado" id="3F511EFC-D302-03C4-4863-7F7A0EC909A4">
<createdBy>HP</createdBy>
<createdTime>2024-10-17 00:46:09 UTC</createdTime>
<ownerDesignName>Modelo_de_datos</ownerDesignName>
<engineerTo>
<item key="A7F43E3B-FC97-6168-1B69-C066F7F1F3D7" value="true"/>
</engineerTo>
<useDomainConstraints>false</useDomainConstraints>
<use>1</use>
<logicalDatatype>LOGDT008</logicalDatatype>
<ownDataTypeParameters>,,</ownDataTypeParameters>
</Attribute>
<Attribute name="actualizado" id="C869236A-6676-A20F-3B9D-371511129203">
<createdBy>HP</createdBy>
<createdTime>2024-10-17 00:46:20 UTC</createdTime>
<ownerDesignName>Modelo_de_datos</ownerDesignName>
<engineerTo>
<item key="A7F43E3B-FC97-6168-1B69-C066F7F1F3D7" value="true"/>
</engineerTo>
<useDomainConstraints>false</useDomainConstraints>
<use>1</use>
<logicalDatatype>LOGDT008</logicalDatatype>
<ownDataTypeParameters>,,</ownDataTypeParameters>
</Attribute>
</attributes>
<identifiers itemClass="oracle.dbtools.crest.model.design.logical.CandidateKey">
<identifier id="327DE5BE-328F-6FBA-CCAB-5A8DB6EC1B39" name="AUTO PK">
<createdBy>Ignacio Toledo</createdBy>
<createdTime>2024-10-08 03:02:47 UTC</createdTime>
<ownerDesignName>Modelo_de_datos</ownerDesignName>
<engineerTo>
<item key="A7F43E3B-FC97-6168-1B69-C066F7F1F3D7" value="true"/>
</engineerTo>
<pk>true</pk>
<usedAttributes>
<attributeRef>5CCBDD0F-60A0-14E4-68DB-C527075E3152</attributeRef>
</usedAttributes>
</identifier>
</identifiers>
</Entity>