<?xml version = '1.0' encoding = 'UTF-8'?>
<Entity class="oracle.dbtools.crest.model.design.logical.Entity" directorySegmentName="seg_0" id="1141418A-D063-02A8-88CA-529003D748DF" name="AUTO">
<createdBy>Ignacio Toledo</createdBy>
<createdTime>2024-10-07 23:00:49 UTC</createdTime>
<ownerDesignName>MODELO_DE_DATOS</ownerDesignName>
<engineerTo>
<item key="A7F43E3B-FC97-6168-1B69-C066F7F1F3D7" value="true"/>
</engineerTo>
<adequatelyNormalized>NO</adequatelyNormalized>
<expectedVolumes>0</expectedVolumes>
<fwdEngineeringStrategyName>Single Table</fwdEngineeringStrategyName>
<growthPercent>0</growthPercent>
<growthType>Year</growthType>
<maxVolumes>9999999</maxVolumes>
<minVolumes>0</minVolumes>
<normalForm>Third</normalForm>
<attributes itemClass="oracle.dbtools.crest.model.design.logical.Attribute">
<Attribute name="id_marca" id="EA02BE49-1C2C-073B-1421-2A7DD003E958">
<createdBy>Ignacio Toledo</createdBy>
<createdTime>2024-10-08 03:00:49 UTC</createdTime>
<generatorID>005A5D0F-812C-B600-E1DB-29139B9732FD</generatorID>
<ownerDesignName>MODELO_DE_DATOS</ownerDesignName>
<engineerTo>
<item key="A7F43E3B-FC97-6168-1B69-C066F7F1F3D7" value="true"/>
</engineerTo>
<referedAttribute>0D92A582-6916-F32D-02ED-9221B8FF59E1</referedAttribute>
<useDomainConstraints>false</useDomainConstraints>
<use>1</use>
<logicalDatatype>LOGDT019</logicalDatatype>
<ownDataTypeParameters>,,</ownDataTypeParameters>
</Attribute>
<Attribute name="patente" id="C42340CB-8CDD-9962-6239-F0C60C565A67">
<createdBy>Ignacio Toledo</createdBy>
<createdTime>2024-10-08 03:02:34 UTC</createdTime>
<ownerDesignName>MODELO_DE_DATOS</ownerDesignName>
<engineerTo>
<item key="A7F43E3B-FC97-6168-1B69-C066F7F1F3D7" value="true"/>
</engineerTo>
<useDomainConstraints>false</useDomainConstraints>
<use>1</use>
<logicalDatatype>LOGDT024</logicalDatatype>
<ownDataTypeParameters>,,</ownDataTypeParameters>
</Attribute>
<Attribute name="modelo" id="99F14E02-51BF-0890-8E3B-12EC1A180222">
<createdBy>Ignacio Toledo</createdBy>
<createdTime>2024-10-08 03:03:33 UTC</createdTime>
<ownerDesignName>MODELO_DE_DATOS</ownerDesignName>
<engineerTo>
<item key="A7F43E3B-FC97-6168-1B69-C066F7F1F3D7" value="true"/>
</engineerTo>
<useDomainConstraints>false</useDomainConstraints>
<use>1</use>
<logicalDatatype>LOGDT024</logicalDatatype>
<ownDataTypeParameters>,,</ownDataTypeParameters>
</Attribute>
<Attribute name="ano" id="B95FB246-6DE8-A9DF-1A76-CD92B8E0A0A9">
<createdBy>Ignacio Toledo</createdBy>
<createdTime>2024-10-08 03:04:48 UTC</createdTime>
<ownerDesignName>MODELO_DE_DATOS</ownerDesignName>
<engineerTo>
<item key="A7F43E3B-FC97-6168-1B69-C066F7F1F3D7" value="true"/>
</engineerTo>
<useDomainConstraints>false</useDomainConstraints>
<use>1</use>
<logicalDatatype>LOGDT019</logicalDatatype>
<ownDataTypeParameters>,,</ownDataTypeParameters>
</Attribute>
<Attribute name="owner_id" id="646FC089-44B4-0311-98C9-63B36EF66A74">
<createdBy>Ignacio Toledo</createdBy>
<createdTime>2024-10-08 03:05:09 UTC</createdTime>
<ownerDesignName>MODELO_DE_DATOS</ownerDesignName>
<engineerTo>
<item key="A7F43E3B-FC97-6168-1B69-C066F7F1F3D7" value="true"/>
</engineerTo>
<useDomainConstraints>false</useDomainConstraints>
<use>1</use>
<logicalDatatype>LOGDT019</logicalDatatype>
<ownDataTypeParameters>,,</ownDataTypeParameters>
</Attribute>
<Attribute name="id_auto" id="5CCBDD0F-60A0-14E4-68DB-C527075E3152">
<createdBy>Ignacio Toledo</createdBy>
<createdTime>2024-10-08 03:05:41 UTC</createdTime>
<ownerDesignName>MODELO_DE_DATOS</ownerDesignName>
<engineerTo>
<item key="A7F43E3B-FC97-6168-1B69-C066F7F1F3D7" value="true"/>
</engineerTo>
<useDomainConstraints>false</useDomainConstraints>
<use>1</use>
<logicalDatatype>LOGDT019</logicalDatatype>
<ownDataTypeParameters>,,</ownDataTypeParameters>
</Attribute>
<Attribute name="rut" id="ABDDFF2B-DFF6-819F-EA0E-B9200ED0A970">
<createdBy>Ignacio Toledo</createdBy>
<createdTime>2024-10-08 03:08:12 UTC</createdTime>
<generatorID>DD5AE0B9-E763-84E9-DAF3-0D9355B60A76</generatorID>
<ownerDesignName>MODELO_DE_DATOS</ownerDesignName>
<engineerTo>
<item key="A7F43E3B-FC97-6168-1B69-C066F7F1F3D7" value="true"/>
</engineerTo>
<referedAttribute>83DC2E75-DDAB-F73B-0570-0AAD22AA51A2</referedAttribute>
<use>0</use>
<ownDataTypeParameters>,,</ownDataTypeParameters>
</Attribute>
<Attribute name="id_usuario" id="712A66BC-B9AC-821C-F155-8973F0DE6C0B">
<createdBy>Ignacio Toledo</createdBy>
<createdTime>2024-10-08 03:08:27 UTC</createdTime>
<generatorID>DD5AE0B9-E763-84E9-DAF3-0D9355B60A76</generatorID>
<ownerDesignName>MODELO_DE_DATOS</ownerDesignName>
<engineerTo>
<item key="A7F43E3B-FC97-6168-1B69-C066F7F1F3D7" value="true"/>
</engineerTo>
<referedAttribute>C1B7C181-A156-9DB4-6CB5-665424B4CFBE</referedAttribute>
<useDomainConstraints>false</useDomainConstraints>
<use>1</use>
<ownDataTypeParameters>,,</ownDataTypeParameters>
</Attribute>
</attributes>
<identifiers itemClass="oracle.dbtools.crest.model.design.logical.CandidateKey">
<identifier id="327DE5BE-328F-6FBA-CCAB-5A8DB6EC1B39" name="AUTO PK">
<createdBy>Ignacio Toledo</createdBy>
<createdTime>2024-10-08 03:02:47 UTC</createdTime>
<ownerDesignName>MODELO_DE_DATOS</ownerDesignName>
<engineerTo>
<item key="A7F43E3B-FC97-6168-1B69-C066F7F1F3D7" value="true"/>
</engineerTo>
<pk>true</pk>
<usedAttributes>
<attributeRef>5CCBDD0F-60A0-14E4-68DB-C527075E3152</attributeRef>
</usedAttributes>
</identifier>
</identifiers>
</Entity>