<?xml version = '1.0' encoding = 'UTF-8'?>
<Entity class="oracle.dbtools.crest.model.design.logical.Entity" directorySegmentName="seg_0" id="2610F885-0E66-AB07-FA15-ABE39912BB1C" name="MANTECION">
<createdBy>Ignacio Toledo</createdBy>
<createdTime>2024-10-07 23:02:46 UTC</createdTime>
<ownerDesignName>MODELO_DE_DATOS</ownerDesignName>
<engineerTo>
<item key="A7F43E3B-FC97-6168-1B69-C066F7F1F3D7" value="true"/>
</engineerTo>
<adequatelyNormalized>NO</adequatelyNormalized>
<expectedVolumes>0</expectedVolumes>
<fwdEngineeringStrategyName>Single Table</fwdEngineeringStrategyName>
<growthPercent>0</growthPercent>
<growthType>Year</growthType>
<maxVolumes>9999999</maxVolumes>
<minVolumes>0</minVolumes>
<normalForm>Third</normalForm>
<attributes itemClass="oracle.dbtools.crest.model.design.logical.Attribute">
<Attribute name="id_auto" id="A0652B39-C74B-1504-97F8-3C9ECDD86D80">
<createdBy>Ignacio Toledo</createdBy>
<createdTime>2024-10-08 03:01:45 UTC</createdTime>
<generatorID>5F45008B-5C7F-40D3-7334-6165AC45E723</generatorID>
<ownerDesignName>MODELO_DE_DATOS</ownerDesignName>
<engineerTo>
<item key="A7F43E3B-FC97-6168-1B69-C066F7F1F3D7" value="true"/>
</engineerTo>
<referedAttribute>A573236D-EFBE-20FB-0BC3-4C057C03E7CA</referedAttribute>
<use>0</use>
<ownDataTypeParameters>,,</ownDataTypeParameters>
</Attribute>
<Attribute name="id_auto1" id="957908F3-BF0F-7CBB-B0E3-3458444C244A">
<createdBy>Ignacio Toledo</createdBy>
<createdTime>2024-10-08 20:15:30 UTC</createdTime>
<generatorID>5F45008B-5C7F-40D3-7334-6165AC45E723</generatorID>
<ownerDesignName>MODELO_DE_DATOS</ownerDesignName>
<engineerTo>
<item key="A7F43E3B-FC97-6168-1B69-C066F7F1F3D7" value="true"/>
</engineerTo>
<referedAttribute>5CCBDD0F-60A0-14E4-68DB-C527075E3152</referedAttribute>
<useDomainConstraints>false</useDomainConstraints>
<use>1</use>
<logicalDatatype>LOGDT019</logicalDatatype>
<ownDataTypeParameters>,,</ownDataTypeParameters>
</Attribute>
<Attribute name="id_auto2" id="410BA650-B10D-12F9-C801-D2553D269968">
<createdBy>Ignacio Toledo</createdBy>
<createdTime>2024-10-08 20:28:41 UTC</createdTime>
<generatorID>6CBC4BBA-38A8-3E69-7F7A-74377CF6C36D</generatorID>
<ownerDesignName>MODELO_DE_DATOS</ownerDesignName>
<engineerTo>
<item key="A7F43E3B-FC97-6168-1B69-C066F7F1F3D7" value="true"/>
</engineerTo>
<referedAttribute>0A67B0A0-ABEE-1182-7B51-0EBC58472108</referedAttribute>
<use>0</use>
<ownDataTypeParameters>,,</ownDataTypeParameters>
</Attribute>
<Attribute name="id_mantencion" id="D643BDBE-4F84-7D0B-2214-8109CEA02A6C">
<createdBy>Ignacio Toledo</createdBy>
<createdTime>2024-10-08 20:29:19 UTC</createdTime>
<ownerDesignName>MODELO_DE_DATOS</ownerDesignName>
<engineerTo>
<item key="A7F43E3B-FC97-6168-1B69-C066F7F1F3D7" value="true"/>
</engineerTo>
<use>0</use>
<ownDataTypeParameters>,,</ownDataTypeParameters>
</Attribute>
<Attribute name="recomendacion" id="73748A1B-69E9-7631-E67D-217A2DF05C9D">
<createdBy>Ignacio Toledo</createdBy>
<createdTime>2024-10-08 20:29:26 UTC</createdTime>
<ownerDesignName>MODELO_DE_DATOS</ownerDesignName>
<engineerTo>
<item key="A7F43E3B-FC97-6168-1B69-C066F7F1F3D7" value="true"/>
</engineerTo>
<nullsAllowed>true</nullsAllowed>
<use>0</use>
<ownDataTypeParameters>,,</ownDataTypeParameters>
</Attribute>
<Attribute name="precio_total" id="EC8CB067-D185-FEA0-8E51-D2D75E15E69F">
<createdBy>Ignacio Toledo</createdBy>
<createdTime>2024-10-08 20:29:43 UTC</createdTime>
<ownerDesignName>MODELO_DE_DATOS</ownerDesignName>
<engineerTo>
<item key="A7F43E3B-FC97-6168-1B69-C066F7F1F3D7" value="true"/>
</engineerTo>
<nullsAllowed>true</nullsAllowed>
<use>0</use>
<ownDataTypeParameters>,,</ownDataTypeParameters>
</Attribute>
<Attribute name="id_role" id="7122717E-D6CF-76EC-4B53-AD8077A6E1E6">
<createdBy>Ignacio Toledo</createdBy>
<createdTime>2024-10-08 20:30:10 UTC</createdTime>
<generatorID>81C24DE5-66FC-A41C-5404-62F4099F50D6</generatorID>
<ownerDesignName>MODELO_DE_DATOS</ownerDesignName>
<engineerTo>
<item key="A7F43E3B-FC97-6168-1B69-C066F7F1F3D7" value="true"/>
</engineerTo>
<referedAttribute>E1014A62-2ABE-86EF-067B-193431681341</referedAttribute>
<use>0</use>
<ownDataTypeParameters>,,</ownDataTypeParameters>
</Attribute>
</attributes>
<identifiers itemClass="oracle.dbtools.crest.model.design.logical.CandidateKey">
<identifier id="FB9BDC66-0294-2769-E04A-C0D620F8EE17" name="MANTECION PK">
<createdBy>Ignacio Toledo</createdBy>
<createdTime>2024-10-08 20:29:24 UTC</createdTime>
<ownerDesignName>MODELO_DE_DATOS</ownerDesignName>
<engineerTo>
<item key="A7F43E3B-FC97-6168-1B69-C066F7F1F3D7" value="true"/>
</engineerTo>
<pk>true</pk>
<usedAttributes>
<attributeRef>D643BDBE-4F84-7D0B-2214-8109CEA02A6C</attributeRef>
</usedAttributes>
</identifier>
</identifiers>
</Entity>