<?xml version = '1.0' encoding = 'UTF-8'?>
<Entity class="oracle.dbtools.crest.model.design.logical.Entity" directorySegmentName="seg_0" id="2610F885-0E66-AB07-FA15-ABE39912BB1C" name="MANTENCION">
<createdBy>Ignacio Toledo</createdBy>
<createdTime>2024-10-07 23:02:46 UTC</createdTime>
<ownerDesignName>Modelo_de_datos</ownerDesignName>
<engineerTo>
<item key="A7F43E3B-FC97-6168-1B69-C066F7F1F3D7" value="true"/>
</engineerTo>
<adequatelyNormalized>NO</adequatelyNormalized>
<expectedVolumes>0</expectedVolumes>
<fwdEngineeringStrategyName>Single Table</fwdEngineeringStrategyName>
<growthPercent>0</growthPercent>
<growthType>Year</growthType>
<maxVolumes>9999999</maxVolumes>
<minVolumes>0</minVolumes>
<normalForm>Third</normalForm>
<attributes itemClass="oracle.dbtools.crest.model.design.logical.Attribute">
<Attribute name="id_auto" id="A0652B39-C74B-1504-97F8-3C9ECDD86D80">
<createdBy>Ignacio Toledo</createdBy>
<createdTime>2024-10-08 03:01:45 UTC</createdTime>
<generatorID>5F45008B-5C7F-40D3-7334-6165AC45E723</generatorID>
<ownerDesignName>Modelo_de_datos</ownerDesignName>
<engineerTo>
<item key="A7F43E3B-FC97-6168-1B69-C066F7F1F3D7" value="true"/>
</engineerTo>
<referedAttribute>A573236D-EFBE-20FB-0BC3-4C057C03E7CA</referedAttribute>
<use>0</use>
<ownDataTypeParameters>,,</ownDataTypeParameters>
</Attribute>
<Attribute name="id_auto1" id="957908F3-BF0F-7CBB-B0E3-3458444C244A">
<createdBy>Ignacio Toledo</createdBy>
<createdTime>2024-10-08 20:15:30 UTC</createdTime>
<generatorID>5F45008B-5C7F-40D3-7334-6165AC45E723</generatorID>
<ownerDesignName>Modelo_de_datos</ownerDesignName>
<engineerTo>
<item key="A7F43E3B-FC97-6168-1B69-C066F7F1F3D7" value="true"/>
</engineerTo>
<referedAttribute>5CCBDD0F-60A0-14E4-68DB-C527075E3152</referedAttribute>
<useDomainConstraints>false</useDomainConstraints>
<use>1</use>
<logicalDatatype>LOGDT037</logicalDatatype>
<dataTypeSize>50</dataTypeSize>
<ownDataTypeParameters>50,,</ownDataTypeParameters>
</Attribute>
<Attribute name="id_mantencion" id="D643BDBE-4F84-7D0B-2214-8109CEA02A6C">
<createdBy>Ignacio Toledo</createdBy>
<createdTime>2024-10-08 20:29:19 UTC</createdTime>
<ownerDesignName>Modelo_de_datos</ownerDesignName>
<engineerTo>
<item key="A7F43E3B-FC97-6168-1B69-C066F7F1F3D7" value="true"/>
</engineerTo>
<useDomainConstraints>false</useDomainConstraints>
<use>1</use>
<logicalDatatype>LOGDT037</logicalDatatype>
<dataTypeSize>50</dataTypeSize>
<ownDataTypeParameters>50,,</ownDataTypeParameters>
</Attribute>
<Attribute name="recomendacion" id="73748A1B-69E9-7631-E67D-217A2DF05C9D">
<createdBy>Ignacio Toledo</createdBy>
<createdTime>2024-10-08 20:29:26 UTC</createdTime>
<ownerDesignName>Modelo_de_datos</ownerDesignName>
<engineerTo>
<item key="A7F43E3B-FC97-6168-1B69-C066F7F1F3D7" value="true"/>
</engineerTo>
<nullsAllowed>true</nullsAllowed>
<useDomainConstraints>false</useDomainConstraints>
<use>1</use>
<logicalDatatype>LOGDT024</logicalDatatype>
<dataTypeSize>100</dataTypeSize>
<ownDataTypeParameters>100,,</ownDataTypeParameters>
</Attribute>
<Attribute name="precio_total" id="EC8CB067-D185-FEA0-8E51-D2D75E15E69F">
<createdBy>Ignacio Toledo</createdBy>
<createdTime>2024-10-08 20:29:43 UTC</createdTime>
<ownerDesignName>Modelo_de_datos</ownerDesignName>
<engineerTo>
<item key="A7F43E3B-FC97-6168-1B69-C066F7F1F3D7" value="true"/>
</engineerTo>
<useDomainConstraints>false</useDomainConstraints>
<use>1</use>
<logicalDatatype>LOGDT037</logicalDatatype>
<dataTypeSize>10</dataTypeSize>
<ownDataTypeParameters>10,,</ownDataTypeParameters>
</Attribute>
<Attribute name="creado" id="A82C53D8-8029-123B-CBC6-6821663B499C">
<createdBy>HP</createdBy>
<createdTime>2024-10-17 00:46:39 UTC</createdTime>
<ownerDesignName>Modelo_de_datos</ownerDesignName>
<engineerTo>
<item key="A7F43E3B-FC97-6168-1B69-C066F7F1F3D7" value="true"/>
</engineerTo>
<useDomainConstraints>false</useDomainConstraints>
<use>1</use>
<logicalDatatype>LOGDT008</logicalDatatype>
<ownDataTypeParameters>,,</ownDataTypeParameters>
</Attribute>
<Attribute name="actualizado" id="FDEC6B93-0597-1934-D858-68168D3A3A59">
<createdBy>HP</createdBy>
<createdTime>2024-10-17 00:46:52 UTC</createdTime>
<ownerDesignName>Modelo_de_datos</ownerDesignName>
<engineerTo>
<item key="A7F43E3B-FC97-6168-1B69-C066F7F1F3D7" value="true"/>
</engineerTo>
<useDomainConstraints>false</useDomainConstraints>
<use>1</use>
<logicalDatatype>LOGDT008</logicalDatatype>
<ownDataTypeParameters>,,</ownDataTypeParameters>
</Attribute>
<Attribute name="fecha_realizado" id="5AAF6B76-851E-42B4-2CA5-A8A8E88FE936">
<createdBy>Ignacio Toledo</createdBy>
<createdTime>2024-10-18 00:57:42 UTC</createdTime>
<ownerDesignName>Modelo_de_datos</ownerDesignName>
<engineerTo>
<item key="A7F43E3B-FC97-6168-1B69-C066F7F1F3D7" value="true"/>
</engineerTo>
<useDomainConstraints>false</useDomainConstraints>
<use>1</use>
<logicalDatatype>LOGDT008</logicalDatatype>
<ownDataTypeParameters>,,</ownDataTypeParameters>
</Attribute>
</attributes>
<identifiers itemClass="oracle.dbtools.crest.model.design.logical.CandidateKey">
<identifier id="FB9BDC66-0294-2769-E04A-C0D620F8EE17" name="MANTECION PK">
<createdBy>Ignacio Toledo</createdBy>
<createdTime>2024-10-08 20:29:24 UTC</createdTime>
<ownerDesignName>Modelo_de_datos</ownerDesignName>
<engineerTo>
<item key="A7F43E3B-FC97-6168-1B69-C066F7F1F3D7" value="true"/>
</engineerTo>
<pk>true</pk>
<usedAttributes>
<attributeRef>D643BDBE-4F84-7D0B-2214-8109CEA02A6C</attributeRef>
</usedAttributes>
</identifier>
</identifiers>
</Entity>