<?xml version = '1.0' encoding = 'UTF-8'?>
<Entity class="oracle.dbtools.crest.model.design.logical.Entity" directorySegmentName="seg_0" id="2C2FC5F6-B33F-DCD0-7B11-0508EFDCBDB0" name="MECANICO_MANTENCION">
<createdBy>Ignacio Toledo</createdBy>
<createdTime>2024-10-22 02:30:04 UTC</createdTime>
<ownerDesignName>Modelo_de_datos</ownerDesignName>
<engineerTo>
<item key="A7F43E3B-FC97-6168-1B69-C066F7F1F3D7" value="true"/>
</engineerTo>
<adequatelyNormalized>NO</adequatelyNormalized>
<expectedVolumes>0</expectedVolumes>
<fwdEngineeringStrategyName>Single Table</fwdEngineeringStrategyName>
<growthPercent>0</growthPercent>
<growthType>Year</growthType>
<maxVolumes>9999999</maxVolumes>
<minVolumes>0</minVolumes>
<normalForm>Third</normalForm>
<attributes itemClass="oracle.dbtools.crest.model.design.logical.Attribute">
<Attribute name="participacion" id="5862529F-9098-8BFF-0430-DFC8EFBC073E">
<createdBy>Ignacio Toledo</createdBy>
<createdTime>2024-10-22 02:30:12 UTC</createdTime>
<commentInRDBMS><![CDATA[Esta tabla es para soportar los casos en que un mecanico por ejemplo es despedido de una mantencion o este se enferma, para eso esta tabla busca poder designar un nuevo mecancio sin la necesidad de tener que cambiar llaves foraneas y tambien este cambio de mecanico puede afectar a futuras metricas del mecanico, dando peores resultado que los verdaderos]]></commentInRDBMS>
<ownerDesignName>Modelo_de_datos</ownerDesignName>
<engineerTo>
<item key="A7F43E3B-FC97-6168-1B69-C066F7F1F3D7" value="true"/>
</engineerTo>
<useDomainConstraints>false</useDomainConstraints>
<use>1</use>
<logicalDatatype>LOGDT027</logicalDatatype>
<ownDataTypeParameters>,,</ownDataTypeParameters>
</Attribute>
<Attribute name="id_usuario" id="7BE3DC76-01F8-6118-6BEC-D3FA80249E73">
<createdBy>Ignacio Toledo</createdBy>
<createdTime>2024-10-22 02:36:23 UTC</createdTime>
<generatorID>87DB2313-E7F2-68D4-AE9E-D7A3FF206ADB</generatorID>
<ownerDesignName>Modelo_de_datos</ownerDesignName>
<engineerTo>
<item key="A7F43E3B-FC97-6168-1B69-C066F7F1F3D7" value="true"/>
</engineerTo>
<referedAttribute>C1B7C181-A156-9DB4-6CB5-665424B4CFBE</referedAttribute>
<useDomainConstraints>false</useDomainConstraints>
<use>1</use>
<logicalDatatype>LOGDT037</logicalDatatype>
<dataTypeSize>50</dataTypeSize>
<ownDataTypeParameters>,,</ownDataTypeParameters>
</Attribute>
<Attribute name="id_mantencion" id="F755D55B-2828-035B-CE16-AE1B827C2BB7">
<createdBy>Ignacio Toledo</createdBy>
<createdTime>2024-10-22 02:36:28 UTC</createdTime>
<generatorID>86B1637B-6653-7AE1-8991-28BB85EF7043</generatorID>
<ownerDesignName>Modelo_de_datos</ownerDesignName>
<engineerTo>
<item key="A7F43E3B-FC97-6168-1B69-C066F7F1F3D7" value="true"/>
</engineerTo>
<referedAttribute>D643BDBE-4F84-7D0B-2214-8109CEA02A6C</referedAttribute>
<useDomainConstraints>false</useDomainConstraints>
<use>1</use>
<logicalDatatype>LOGDT037</logicalDatatype>
<dataTypeSize>50</dataTypeSize>
<ownDataTypeParameters>,,</ownDataTypeParameters>
</Attribute>
<Attribute name="fecha_asignacion" id="8E874CE8-FD7C-8253-2D18-70C41FBCC227">
<createdBy>Ignacio Toledo</createdBy>
<createdTime>2024-10-22 02:37:14 UTC</createdTime>
<ownerDesignName>Modelo_de_datos</ownerDesignName>
<engineerTo>
<item key="A7F43E3B-FC97-6168-1B69-C066F7F1F3D7" value="true"/>
</engineerTo>
<useDomainConstraints>false</useDomainConstraints>
<use>1</use>
<logicalDatatype>LOGDT008</logicalDatatype>
<ownDataTypeParameters>,,</ownDataTypeParameters>
</Attribute>
</attributes>
</Entity>