<?xml version = '1.0' encoding = 'UTF-8'?>
<Entity class="oracle.dbtools.crest.model.design.logical.Entity" directorySegmentName="seg_0" id="35C929B9-BAE6-422B-1C18-6CDD5F333B64" name="DETALLE_COTIZACION">
<createdBy>HP</createdBy>
<createdTime>2024-10-17 00:59:32 UTC</createdTime>
<ownerDesignName>Modelo_de_datos</ownerDesignName>
<engineerTo>
<item key="A7F43E3B-FC97-6168-1B69-C066F7F1F3D7" value="true"/>
</engineerTo>
<adequatelyNormalized>NO</adequatelyNormalized>
<expectedVolumes>0</expectedVolumes>
<fwdEngineeringStrategyName>Single Table</fwdEngineeringStrategyName>
<growthPercent>0</growthPercent>
<growthType>Year</growthType>
<maxVolumes>9999999</maxVolumes>
<minVolumes>0</minVolumes>
<normalForm>Third</normalForm>
<attributes itemClass="oracle.dbtools.crest.model.design.logical.Attribute">
<Attribute name="id_datelle_cotizacion" id="4A301A55-63A9-C47A-3D13-DAA033EBC093">
<createdBy>HP</createdBy>
<createdTime>2024-10-17 00:59:48 UTC</createdTime>
<commentInRDBMS><![CDATA[Esta tabla sirve para ver si los cambios entre el detalle de cotizacion sirve para analizar las cotizaciones realizadas, esta tabla no interacciona con la tabla "detalle_mantencion" dado los datos se puede sacar buscando por la cotizacion]]></commentInRDBMS>
<ownerDesignName>Modelo_de_datos</ownerDesignName>
<engineerTo>
<item key="A7F43E3B-FC97-6168-1B69-C066F7F1F3D7" value="true"/>
</engineerTo>
<useDomainConstraints>false</useDomainConstraints>
<use>1</use>
<logicalDatatype>LOGDT037</logicalDatatype>
<dataTypeSize>50</dataTypeSize>
<ownDataTypeParameters>50,,</ownDataTypeParameters>
</Attribute>
<Attribute name="cantidad_total" id="9597FF6A-6D9D-BA62-66F0-4939A4B68DB5">
<createdBy>HP</createdBy>
<createdTime>2024-10-17 01:00:39 UTC</createdTime>
<ownerDesignName>Modelo_de_datos</ownerDesignName>
<engineerTo>
<item key="A7F43E3B-FC97-6168-1B69-C066F7F1F3D7" value="true"/>
</engineerTo>
<nullsAllowed>true</nullsAllowed>
<useDomainConstraints>false</useDomainConstraints>
<use>1</use>
<logicalDatatype>LOGDT037</logicalDatatype>
<dataTypeSize>20</dataTypeSize>
<ownDataTypeParameters>20,,</ownDataTypeParameters>
</Attribute>
<Attribute name="creado" id="E823847F-7BA5-13A0-CFB3-17F3BE6E314A">
<createdBy>HP</createdBy>
<createdTime>2024-10-17 01:01:44 UTC</createdTime>
<ownerDesignName>Modelo_de_datos</ownerDesignName>
<engineerTo>
<item key="A7F43E3B-FC97-6168-1B69-C066F7F1F3D7" value="true"/>
</engineerTo>
<useDomainConstraints>false</useDomainConstraints>
<use>1</use>
<logicalDatatype>LOGDT008</logicalDatatype>
<ownDataTypeParameters>,,</ownDataTypeParameters>
</Attribute>
<Attribute name="actualizado" id="1841803E-21A8-DD3C-5DD8-CA840B3B304A">
<createdBy>HP</createdBy>
<createdTime>2024-10-17 01:01:58 UTC</createdTime>
<ownerDesignName>Modelo_de_datos</ownerDesignName>
<engineerTo>
<item key="A7F43E3B-FC97-6168-1B69-C066F7F1F3D7" value="true"/>
</engineerTo>
<useDomainConstraints>false</useDomainConstraints>
<use>1</use>
<logicalDatatype>LOGDT008</logicalDatatype>
<ownDataTypeParameters>,,</ownDataTypeParameters>
</Attribute>
<Attribute name="estado_aceptado" id="A49552D9-DD66-A8A2-E9A1-D401E321CEFD">
<createdBy>HP</createdBy>
<createdTime>2024-10-17 01:03:47 UTC</createdTime>
<ownerDesignName>Modelo_de_datos</ownerDesignName>
<engineerTo>
<item key="A7F43E3B-FC97-6168-1B69-C066F7F1F3D7" value="true"/>
</engineerTo>
<useDomainConstraints>false</useDomainConstraints>
<use>1</use>
<logicalDatatype>LOGDT006</logicalDatatype>
<dataTypeSize>2</dataTypeSize>
<ownDataTypeParameters>2,,</ownDataTypeParameters>
</Attribute>
<Attribute name="id_servicio" id="3A553052-4CF1-6EA6-91D9-28AE8495734E">
<createdBy>HP</createdBy>
<createdTime>2024-10-17 01:07:39 UTC</createdTime>
<generatorID>D8E45EF2-1EC5-F2ED-B222-72CA6C854DB0</generatorID>
<ownerDesignName>Modelo_de_datos</ownerDesignName>
<engineerTo>
<item key="A7F43E3B-FC97-6168-1B69-C066F7F1F3D7" value="true"/>
</engineerTo>
<referedAttribute>5C63FF33-DBCE-FF6F-C70F-AD96EC124DBB</referedAttribute>
<useDomainConstraints>false</useDomainConstraints>
<use>1</use>
<logicalDatatype>LOGDT037</logicalDatatype>
<dataTypeSize>50</dataTypeSize>
<ownDataTypeParameters>50,,</ownDataTypeParameters>
</Attribute>
<Attribute name="id_cotizacion" id="1408C2C1-819E-A08B-8CCF-FB7C7C55547C">
<createdBy>HP</createdBy>
<createdTime>2024-10-17 01:09:06 UTC</createdTime>
<generatorID>A576EA9F-E990-E37A-0349-9175242F22EF</generatorID>
<ownerDesignName>Modelo_de_datos</ownerDesignName>
<engineerTo>
<item key="A7F43E3B-FC97-6168-1B69-C066F7F1F3D7" value="true"/>
</engineerTo>
<referedAttribute>C62628AC-6B6F-8B34-BB3E-341CBD58D098</referedAttribute>
<useDomainConstraints>false</useDomainConstraints>
<use>1</use>
<logicalDatatype>LOGDT037</logicalDatatype>
<dataTypeSize>50</dataTypeSize>
<ownDataTypeParameters>50,,</ownDataTypeParameters>
</Attribute>
</attributes>
<identifiers itemClass="oracle.dbtools.crest.model.design.logical.CandidateKey">
<identifier id="73907172-DEB8-901D-E28D-402966EB5A5D" name="DETALLE_COTIZACION PK">
<createdBy>HP</createdBy>
<createdTime>2024-10-17 01:00:12 UTC</createdTime>
<ownerDesignName>Modelo_de_datos</ownerDesignName>
<engineerTo>
<item key="A7F43E3B-FC97-6168-1B69-C066F7F1F3D7" value="true"/>
</engineerTo>
<pk>true</pk>
<usedAttributes>
<attributeRef>4A301A55-63A9-C47A-3D13-DAA033EBC093</attributeRef>
</usedAttributes>
</identifier>
</identifiers>
</Entity>