<?xml version = '1.0' encoding = 'UTF-8'?>
<Entity class="oracle.dbtools.crest.model.design.logical.Entity" directorySegmentName="seg_0" id="412DB01B-25B7-5E0A-F07F-9ABCF4E3BBDC" name="EMPRESA">
<createdBy>Ignacio Toledo</createdBy>
<createdTime>2024-10-07 23:03:13 UTC</createdTime>
<ownerDesignName>MODELO_DE_DATOS</ownerDesignName>
<engineerTo>
<item key="A7F43E3B-FC97-6168-1B69-C066F7F1F3D7" value="true"/>
</engineerTo>
<adequatelyNormalized>NO</adequatelyNormalized>
<expectedVolumes>0</expectedVolumes>
<fwdEngineeringStrategyName>Single Table</fwdEngineeringStrategyName>
<growthPercent>0</growthPercent>
<growthType>Year</growthType>
<maxVolumes>9999999</maxVolumes>
<minVolumes>0</minVolumes>
<normalForm>Third</normalForm>
<attributes itemClass="oracle.dbtools.crest.model.design.logical.Attribute">
<Attribute name="id_empresa" id="42F4B990-A744-4244-6F16-E8832CC50808">
<createdBy>Ignacio Toledo</createdBy>
<createdTime>2024-10-08 20:19:21 UTC</createdTime>
<ownerDesignName>MODELO_DE_DATOS</ownerDesignName>
<engineerTo>
<item key="A7F43E3B-FC97-6168-1B69-C066F7F1F3D7" value="true"/>
</engineerTo>
<use>0</use>
<ownDataTypeParameters>,,</ownDataTypeParameters>
</Attribute>
<Attribute name="nombre" id="6CCEEC80-170F-E10E-DEE8-8CD068F97925">
<createdBy>Ignacio Toledo</createdBy>
<createdTime>2024-10-08 20:19:28 UTC</createdTime>
<ownerDesignName>MODELO_DE_DATOS</ownerDesignName>
<engineerTo>
<item key="A7F43E3B-FC97-6168-1B69-C066F7F1F3D7" value="true"/>
</engineerTo>
<use>0</use>
<ownDataTypeParameters>,,</ownDataTypeParameters>
</Attribute>
<Attribute name="dirreccion" id="A1C8F6B0-F09E-CF73-2EE1-30FA47EBD9B1">
<createdBy>Ignacio Toledo</createdBy>
<createdTime>2024-10-08 20:19:35 UTC</createdTime>
<ownerDesignName>MODELO_DE_DATOS</ownerDesignName>
<engineerTo>
<item key="A7F43E3B-FC97-6168-1B69-C066F7F1F3D7" value="true"/>
</engineerTo>
<use>0</use>
<ownDataTypeParameters>,,</ownDataTypeParameters>
</Attribute>
<Attribute name="tamano" id="29019D03-3EF8-7EE1-DE83-34931A9E8A74">
<createdBy>Ignacio Toledo</createdBy>
<createdTime>2024-10-08 20:19:41 UTC</createdTime>
<ownerDesignName>MODELO_DE_DATOS</ownerDesignName>
<engineerTo>
<item key="A7F43E3B-FC97-6168-1B69-C066F7F1F3D7" value="true"/>
</engineerTo>
<use>0</use>
<ownDataTypeParameters>,,</ownDataTypeParameters>
</Attribute>
<Attribute name="servicios" id="2F5DCE82-3C3F-B872-B24A-26DB0132C0C1">
<createdBy>Ignacio Toledo</createdBy>
<createdTime>2024-10-08 20:19:54 UTC</createdTime>
<ownerDesignName>MODELO_DE_DATOS</ownerDesignName>
<engineerTo>
<item key="A7F43E3B-FC97-6168-1B69-C066F7F1F3D7" value="true"/>
</engineerTo>
<nullsAllowed>true</nullsAllowed>
<use>0</use>
<ownDataTypeParameters>,,</ownDataTypeParameters>
</Attribute>
</attributes>
<identifiers itemClass="oracle.dbtools.crest.model.design.logical.CandidateKey">
<identifier id="068F5112-714D-708E-8A4D-AAC7B4A4ABE4" name="EMPRESA PK">
<createdBy>Ignacio Toledo</createdBy>
<createdTime>2024-10-08 20:19:26 UTC</createdTime>
<ownerDesignName>MODELO_DE_DATOS</ownerDesignName>
<engineerTo>
<item key="A7F43E3B-FC97-6168-1B69-C066F7F1F3D7" value="true"/>
</engineerTo>
<pk>true</pk>
<usedAttributes>
<attributeRef>42F4B990-A744-4244-6F16-E8832CC50808</attributeRef>
</usedAttributes>
</identifier>
</identifiers>
</Entity>