<?xml version = '1.0' encoding = 'UTF-8'?>
<Entity class="oracle.dbtools.crest.model.design.logical.Entity" directorySegmentName="seg_0" id="62A80A32-4F9E-C678-9A72-AE967CF37F0B" name="ROLES_MODELOS">
<createdBy>HP</createdBy>
<createdTime>2024-10-17 00:27:10 UTC</createdTime>
<ownerDesignName>Modelo_de_datos</ownerDesignName>
<engineerTo>
<item key="A7F43E3B-FC97-6168-1B69-C066F7F1F3D7" value="true"/>
</engineerTo>
<adequatelyNormalized>NO</adequatelyNormalized>
<expectedVolumes>0</expectedVolumes>
<fwdEngineeringStrategyName>Single Table</fwdEngineeringStrategyName>
<growthPercent>0</growthPercent>
<growthType>Year</growthType>
<maxVolumes>9999999</maxVolumes>
<minVolumes>0</minVolumes>
<normalForm>Third</normalForm>
<attributes itemClass="oracle.dbtools.crest.model.design.logical.Attribute">
<Attribute name="tipo_modelo" id="7CCF22A5-E92F-80A1-197E-3DD941DB50E3">
<createdBy>HP</createdBy>
<createdTime>2024-10-17 00:27:57 UTC</createdTime>
<ownerDesignName>Modelo_de_datos</ownerDesignName>
<engineerTo>
<item key="A7F43E3B-FC97-6168-1B69-C066F7F1F3D7" value="true"/>
</engineerTo>
<useDomainConstraints>false</useDomainConstraints>
<use>1</use>
<logicalDatatype>LOGDT024</logicalDatatype>
<dataTypeSize>255</dataTypeSize>
<ownDataTypeParameters>255,,</ownDataTypeParameters>
</Attribute>
<Attribute name="id_role" id="A622B4E8-92E8-1329-33FC-80C7DA1B00D8">
<createdBy>HP</createdBy>
<createdTime>2024-10-17 00:31:15 UTC</createdTime>
<generatorID>6AC79530-8FA1-C9AA-6604-D88E6A23C92D</generatorID>
<ownerDesignName>Modelo_de_datos</ownerDesignName>
<engineerTo>
<item key="A7F43E3B-FC97-6168-1B69-C066F7F1F3D7" value="true"/>
</engineerTo>
<referedAttribute>E1014A62-2ABE-86EF-067B-193431681341</referedAttribute>
<useDomainConstraints>false</useDomainConstraints>
<use>1</use>
<logicalDatatype>LOGDT037</logicalDatatype>
<dataTypeSize>50</dataTypeSize>
<ownDataTypeParameters>50,,</ownDataTypeParameters>
</Attribute>
<Attribute name="id_usuario" id="F5F4F1CB-E2A4-196A-94A2-2E1E4D4998F3">
<createdBy>HP</createdBy>
<createdTime>2024-10-17 00:32:34 UTC</createdTime>
<generatorID>0ABF1AC0-9FE4-61DD-A927-3A82F2FD3362</generatorID>
<ownerDesignName>Modelo_de_datos</ownerDesignName>
<engineerTo>
<item key="A7F43E3B-FC97-6168-1B69-C066F7F1F3D7" value="true"/>
</engineerTo>
<referedAttribute>C1B7C181-A156-9DB4-6CB5-665424B4CFBE</referedAttribute>
<useDomainConstraints>false</useDomainConstraints>
<use>1</use>
<logicalDatatype>LOGDT037</logicalDatatype>
<dataTypeSize>50</dataTypeSize>
<ownDataTypeParameters>50,,</ownDataTypeParameters>
</Attribute>
</attributes>
<identifiers itemClass="oracle.dbtools.crest.model.design.logical.CandidateKey">
<identifier id="B834DC3E-6E17-C6C3-D72D-DC642602EF03" name="ROLES_MODELOS PK">
<createdBy>HP</createdBy>
<createdTime>2024-10-17 00:31:26 UTC</createdTime>
<ownerDesignName>Modelo_de_datos</ownerDesignName>
<engineerTo>
<item key="A7F43E3B-FC97-6168-1B69-C066F7F1F3D7" value="true"/>
</engineerTo>
<pk>true</pk>
<usedAttributes>
<attributeRef>A622B4E8-92E8-1329-33FC-80C7DA1B00D8</attributeRef>
<attributeRef>F5F4F1CB-E2A4-196A-94A2-2E1E4D4998F3</attributeRef>
</usedAttributes>
</identifier>
</identifiers>
</Entity>