<?xml version = '1.0' encoding = 'UTF-8'?>
<Entity class="oracle.dbtools.crest.model.design.logical.Entity" directorySegmentName="seg_0" id="7E177B1E-90F1-94A9-A8CE-4C426B596A13" name="RESERVACION">
<createdBy>Ignacio Toledo</createdBy>
<createdTime>2024-10-07 23:14:41 UTC</createdTime>
<ownerDesignName>MODELO_DE_DATOS</ownerDesignName>
<engineerTo>
<item key="A7F43E3B-FC97-6168-1B69-C066F7F1F3D7" value="true"/>
</engineerTo>
<adequatelyNormalized>NO</adequatelyNormalized>
<expectedVolumes>0</expectedVolumes>
<fwdEngineeringStrategyName>Single Table</fwdEngineeringStrategyName>
<growthPercent>0</growthPercent>
<growthType>Year</growthType>
<maxVolumes>9999999</maxVolumes>
<minVolumes>0</minVolumes>
<normalForm>Third</normalForm>
<attributes itemClass="oracle.dbtools.crest.model.design.logical.Attribute">
<Attribute name="id_auto" id="2FA6F19C-7E8C-4B62-814E-65FFCCF9B713">
<createdBy>Ignacio Toledo</createdBy>
<createdTime>2024-10-08 03:01:45 UTC</createdTime>
<generatorID>A6101D48-0F87-05C4-8D42-06211FA7D2EC</generatorID>
<ownerDesignName>MODELO_DE_DATOS</ownerDesignName>
<engineerTo>
<item key="A7F43E3B-FC97-6168-1B69-C066F7F1F3D7" value="true"/>
</engineerTo>
<referedAttribute>A573236D-EFBE-20FB-0BC3-4C057C03E7CA</referedAttribute>
<use>0</use>
<ownDataTypeParameters>,,</ownDataTypeParameters>
</Attribute>
<Attribute name="id_auto1" id="4FEBBAA2-6B36-FEA0-5F4E-93F71C72742B">
<createdBy>Ignacio Toledo</createdBy>
<createdTime>2024-10-08 20:15:30 UTC</createdTime>
<generatorID>A6101D48-0F87-05C4-8D42-06211FA7D2EC</generatorID>
<ownerDesignName>MODELO_DE_DATOS</ownerDesignName>
<engineerTo>
<item key="A7F43E3B-FC97-6168-1B69-C066F7F1F3D7" value="true"/>
</engineerTo>
<referedAttribute>5CCBDD0F-60A0-14E4-68DB-C527075E3152</referedAttribute>
<useDomainConstraints>false</useDomainConstraints>
<use>1</use>
<logicalDatatype>LOGDT019</logicalDatatype>
<ownDataTypeParameters>,,</ownDataTypeParameters>
</Attribute>
<Attribute name="rut" id="2A307DD6-07CA-5DB2-DFD9-FF24B71B1FB3">
<createdBy>Ignacio Toledo</createdBy>
<createdTime>2024-10-08 20:32:57 UTC</createdTime>
<generatorID>39CC5C40-F574-96F4-02A2-31566EC943DA</generatorID>
<ownerDesignName>MODELO_DE_DATOS</ownerDesignName>
<engineerTo>
<item key="A7F43E3B-FC97-6168-1B69-C066F7F1F3D7" value="true"/>
</engineerTo>
<referedAttribute>83DC2E75-DDAB-F73B-0570-0AAD22AA51A2</referedAttribute>
<use>0</use>
<ownDataTypeParameters>,,</ownDataTypeParameters>
</Attribute>
<Attribute name="id_usuario" id="4BBD7A19-B390-DE2F-0EBA-D265AA7AF05F">
<createdBy>Ignacio Toledo</createdBy>
<createdTime>2024-10-08 20:32:57 UTC</createdTime>
<generatorID>39CC5C40-F574-96F4-02A2-31566EC943DA</generatorID>
<ownerDesignName>MODELO_DE_DATOS</ownerDesignName>
<engineerTo>
<item key="A7F43E3B-FC97-6168-1B69-C066F7F1F3D7" value="true"/>
</engineerTo>
<referedAttribute>C1B7C181-A156-9DB4-6CB5-665424B4CFBE</referedAttribute>
<useDomainConstraints>false</useDomainConstraints>
<use>1</use>
<ownDataTypeParameters>,,</ownDataTypeParameters>
</Attribute>
<Attribute name="fecha_reservacion" id="6A5A5443-0995-F8F7-8300-DCCB8E3F9726">
<createdBy>Ignacio Toledo</createdBy>
<createdTime>2024-10-08 20:33:43 UTC</createdTime>
<ownerDesignName>MODELO_DE_DATOS</ownerDesignName>
<engineerTo>
<item key="A7F43E3B-FC97-6168-1B69-C066F7F1F3D7" value="true"/>
</engineerTo>
<use>0</use>
<ownDataTypeParameters>,,</ownDataTypeParameters>
</Attribute>
<Attribute name="aceptada_por_mecanico" id="6D7A5FCC-B532-E49F-D07A-9000B2B9E95C">
<createdBy>Ignacio Toledo</createdBy>
<createdTime>2024-10-08 20:34:00 UTC</createdTime>
<ownerDesignName>MODELO_DE_DATOS</ownerDesignName>
<engineerTo>
<item key="A7F43E3B-FC97-6168-1B69-C066F7F1F3D7" value="true"/>
</engineerTo>
<use>0</use>
<ownDataTypeParameters>,,</ownDataTypeParameters>
</Attribute>
<Attribute name="id_tipo_servicio" id="20406312-6209-502F-B03B-57AE1FBD6DBF">
<createdBy>Ignacio Toledo</createdBy>
<createdTime>2024-10-08 20:35:04 UTC</createdTime>
<generatorID>611BFAFF-8988-31A6-A169-AEF06DDF9FF6</generatorID>
<ownerDesignName>MODELO_DE_DATOS</ownerDesignName>
<engineerTo>
<item key="A7F43E3B-FC97-6168-1B69-C066F7F1F3D7" value="true"/>
</engineerTo>
<referedAttribute>8410DBA6-EB16-1623-155D-5FCC89ADF3B6</referedAttribute>
<use>0</use>
<ownDataTypeParameters>,,</ownDataTypeParameters>
</Attribute>
<Attribute name="quiere_recordatorio" id="3A5FA39B-2632-F5B4-9DD5-DF39F49CB178">
<createdBy>Ignacio Toledo</createdBy>
<createdTime>2024-10-08 20:36:00 UTC</createdTime>
<ownerDesignName>MODELO_DE_DATOS</ownerDesignName>
<engineerTo>
<item key="A7F43E3B-FC97-6168-1B69-C066F7F1F3D7" value="true"/>
</engineerTo>
<use>0</use>
<ownDataTypeParameters>,,</ownDataTypeParameters>
</Attribute>
</attributes>
</Entity>