<?xml version = '1.0' encoding = 'UTF-8'?>
<Entity class="oracle.dbtools.crest.model.design.logical.Entity" directorySegmentName="seg_0" id="7E177B1E-90F1-94A9-A8CE-4C426B596A13" name="RESERVACION">
<createdBy>Ignacio Toledo</createdBy>
<createdTime>2024-10-07 23:14:41 UTC</createdTime>
<ownerDesignName>Modelo_de_datos</ownerDesignName>
<engineerTo>
<item key="A7F43E3B-FC97-6168-1B69-C066F7F1F3D7" value="true"/>
</engineerTo>
<adequatelyNormalized>NO</adequatelyNormalized>
<expectedVolumes>0</expectedVolumes>
<fwdEngineeringStrategyName>Single Table</fwdEngineeringStrategyName>
<growthPercent>0</growthPercent>
<growthType>Year</growthType>
<maxVolumes>9999999</maxVolumes>
<minVolumes>0</minVolumes>
<normalForm>Third</normalForm>
<attributes itemClass="oracle.dbtools.crest.model.design.logical.Attribute">
<Attribute name="id_auto" id="2FA6F19C-7E8C-4B62-814E-65FFCCF9B713">
<createdBy>Ignacio Toledo</createdBy>
<createdTime>2024-10-08 03:01:45 UTC</createdTime>
<generatorID>A6101D48-0F87-05C4-8D42-06211FA7D2EC</generatorID>
<ownerDesignName>Modelo_de_datos</ownerDesignName>
<engineerTo>
<item key="A7F43E3B-FC97-6168-1B69-C066F7F1F3D7" value="true"/>
</engineerTo>
<referedAttribute>A573236D-EFBE-20FB-0BC3-4C057C03E7CA</referedAttribute>
<use>0</use>
<ownDataTypeParameters>,,</ownDataTypeParameters>
</Attribute>
<Attribute name="id_auto1" id="4FEBBAA2-6B36-FEA0-5F4E-93F71C72742B">
<createdBy>Ignacio Toledo</createdBy>
<createdTime>2024-10-08 20:15:30 UTC</createdTime>
<generatorID>A6101D48-0F87-05C4-8D42-06211FA7D2EC</generatorID>
<ownerDesignName>Modelo_de_datos</ownerDesignName>
<engineerTo>
<item key="A7F43E3B-FC97-6168-1B69-C066F7F1F3D7" value="true"/>
</engineerTo>
<referedAttribute>5CCBDD0F-60A0-14E4-68DB-C527075E3152</referedAttribute>
<useDomainConstraints>false</useDomainConstraints>
<use>1</use>
<logicalDatatype>LOGDT037</logicalDatatype>
<dataTypeSize>50</dataTypeSize>
<ownDataTypeParameters>50,,</ownDataTypeParameters>
</Attribute>
<Attribute name="id_usuario" id="4BBD7A19-B390-DE2F-0EBA-D265AA7AF05F">
<createdBy>Ignacio Toledo</createdBy>
<createdTime>2024-10-08 20:32:57 UTC</createdTime>
<generatorID>39CC5C40-F574-96F4-02A2-31566EC943DA</generatorID>
<ownerDesignName>Modelo_de_datos</ownerDesignName>
<engineerTo>
<item key="A7F43E3B-FC97-6168-1B69-C066F7F1F3D7" value="true"/>
</engineerTo>
<referedAttribute>C1B7C181-A156-9DB4-6CB5-665424B4CFBE</referedAttribute>
<useDomainConstraints>false</useDomainConstraints>
<use>1</use>
<logicalDatatype>LOGDT037</logicalDatatype>
<dataTypeSize>50</dataTypeSize>
<ownDataTypeParameters>50,,</ownDataTypeParameters>
</Attribute>
<Attribute name="fecha_reservacion" id="6A5A5443-0995-F8F7-8300-DCCB8E3F9726">
<createdBy>Ignacio Toledo</createdBy>
<createdTime>2024-10-08 20:33:43 UTC</createdTime>
<ownerDesignName>Modelo_de_datos</ownerDesignName>
<engineerTo>
<item key="A7F43E3B-FC97-6168-1B69-C066F7F1F3D7" value="true"/>
</engineerTo>
<useDomainConstraints>false</useDomainConstraints>
<use>1</use>
<logicalDatatype>LOGDT007</logicalDatatype>
<ownDataTypeParameters>,,</ownDataTypeParameters>
</Attribute>
<Attribute name="aceptada_por_mecanico" id="6D7A5FCC-B532-E49F-D07A-9000B2B9E95C">
<createdBy>Ignacio Toledo</createdBy>
<createdTime>2024-10-08 20:34:00 UTC</createdTime>
<ownerDesignName>Modelo_de_datos</ownerDesignName>
<engineerTo>
<item key="A7F43E3B-FC97-6168-1B69-C066F7F1F3D7" value="true"/>
</engineerTo>
<useDomainConstraints>false</useDomainConstraints>
<use>1</use>
<logicalDatatype>LOGDT024</logicalDatatype>
<dataTypeSize>50</dataTypeSize>
<ownDataTypeParameters>50,,</ownDataTypeParameters>
</Attribute>
<Attribute name="quiere_recordatorio" id="3A5FA39B-2632-F5B4-9DD5-DF39F49CB178">
<createdBy>Ignacio Toledo</createdBy>
<createdTime>2024-10-08 20:36:00 UTC</createdTime>
<ownerDesignName>Modelo_de_datos</ownerDesignName>
<engineerTo>
<item key="A7F43E3B-FC97-6168-1B69-C066F7F1F3D7" value="true"/>
</engineerTo>
<useDomainConstraints>false</useDomainConstraints>
<use>1</use>
<logicalDatatype>LOGDT024</logicalDatatype>
<dataTypeSize>20</dataTypeSize>
<ownDataTypeParameters>20,,</ownDataTypeParameters>
</Attribute>
<Attribute name="id_reserva" id="53C1D0B2-8E92-B5EC-622F-C04F031E3659">
<createdBy>HP</createdBy>
<createdTime>2024-10-10 00:30:41 UTC</createdTime>
<ownerDesignName>Modelo_de_datos</ownerDesignName>
<engineerTo>
<item key="A7F43E3B-FC97-6168-1B69-C066F7F1F3D7" value="true"/>
</engineerTo>
<useDomainConstraints>false</useDomainConstraints>
<use>1</use>
<logicalDatatype>LOGDT037</logicalDatatype>
<dataTypeSize>50</dataTypeSize>
<ownDataTypeParameters>50,,</ownDataTypeParameters>
</Attribute>
<Attribute name="id_recordatorio" id="AFD8A571-C7AC-25E6-BD16-62FFCD7DBD5E">
<createdBy>HP</createdBy>
<createdTime>2024-10-10 00:31:12 UTC</createdTime>
<generatorID>D7CCCC3D-6236-6739-B62A-868509EA113C</generatorID>
<ownerDesignName>Modelo_de_datos</ownerDesignName>
<engineerTo>
<item key="A7F43E3B-FC97-6168-1B69-C066F7F1F3D7" value="true"/>
</engineerTo>
<nullsAllowed>true</nullsAllowed>
<referedAttribute>DF2E9344-D71B-70AC-E8A0-3D907F9AADE3</referedAttribute>
<useDomainConstraints>false</useDomainConstraints>
<use>1</use>
<logicalDatatype>LOGDT037</logicalDatatype>
<dataTypeSize>50</dataTypeSize>
<ownDataTypeParameters>50,,</ownDataTypeParameters>
</Attribute>
<Attribute name="creado" id="740EC46F-D834-0C7B-4DC6-C547D648D75D">
<createdBy>HP</createdBy>
<createdTime>2024-10-17 00:45:09 UTC</createdTime>
<ownerDesignName>Modelo_de_datos</ownerDesignName>
<engineerTo>
<item key="A7F43E3B-FC97-6168-1B69-C066F7F1F3D7" value="true"/>
</engineerTo>
<useDomainConstraints>false</useDomainConstraints>
<use>1</use>
<logicalDatatype>LOGDT008</logicalDatatype>
<ownDataTypeParameters>,,</ownDataTypeParameters>
</Attribute>
<Attribute name="actualizado" id="B9EE862D-C567-1690-A905-EB12B1CEE200">
<createdBy>HP</createdBy>
<createdTime>2024-10-17 00:45:20 UTC</createdTime>
<ownerDesignName>Modelo_de_datos</ownerDesignName>
<engineerTo>
<item key="A7F43E3B-FC97-6168-1B69-C066F7F1F3D7" value="true"/>
</engineerTo>
<useDomainConstraints>false</useDomainConstraints>
<use>1</use>
<logicalDatatype>LOGDT008</logicalDatatype>
<ownDataTypeParameters>,,</ownDataTypeParameters>
</Attribute>
<Attribute name="estado_realizado" id="A8FD16E8-83C9-6254-F200-3608B3566DB8">
<createdBy>HP</createdBy>
<createdTime>2024-10-17 01:39:24 UTC</createdTime>
<ownerDesignName>Modelo_de_datos</ownerDesignName>
<engineerTo>
<item key="A7F43E3B-FC97-6168-1B69-C066F7F1F3D7" value="true"/>
</engineerTo>
<useDomainConstraints>false</useDomainConstraints>
<use>1</use>
<logicalDatatype>LOGDT006</logicalDatatype>
<dataTypeSize>2</dataTypeSize>
<ownDataTypeParameters>2,,</ownDataTypeParameters>
</Attribute>
</attributes>
<identifiers itemClass="oracle.dbtools.crest.model.design.logical.CandidateKey">
<identifier id="F7A50B43-4D5D-03F1-733F-36231D26A7C7" name="RESERVACION PK">
<createdBy>HP</createdBy>
<createdTime>2024-10-10 00:30:56 UTC</createdTime>
<ownerDesignName>Modelo_de_datos</ownerDesignName>
<engineerTo>
<item key="A7F43E3B-FC97-6168-1B69-C066F7F1F3D7" value="true"/>
</engineerTo>
<pk>true</pk>
<usedAttributes>
<attributeRef>53C1D0B2-8E92-B5EC-622F-C04F031E3659</attributeRef>
</usedAttributes>
</identifier>
</identifiers>
</Entity>