<?xml version = '1.0' encoding = 'UTF-8'?>
<Entity class="oracle.dbtools.crest.model.design.logical.Entity" directorySegmentName="seg_0" id="9F0F9805-6BAB-57FD-B3B9-6F7BF733A6B6" name="HISTORIAL_PROPIETARIOS">
<createdBy>Ignacio Toledo</createdBy>
<createdTime>2024-10-22 01:59:15 UTC</createdTime>
<ownerDesignName>Modelo_de_datos</ownerDesignName>
<engineerTo>
<item key="A7F43E3B-FC97-6168-1B69-C066F7F1F3D7" value="true"/>
</engineerTo>
<adequatelyNormalized>NO</adequatelyNormalized>
<expectedVolumes>0</expectedVolumes>
<fwdEngineeringStrategyName>Single Table</fwdEngineeringStrategyName>
<growthPercent>0</growthPercent>
<growthType>Year</growthType>
<maxVolumes>9999999</maxVolumes>
<minVolumes>0</minVolumes>
<normalForm>Third</normalForm>
<attributes itemClass="oracle.dbtools.crest.model.design.logical.Attribute">
<Attribute name="id_historial_propietarios" id="3801C977-66BB-B051-65F9-82AB88A5A17F">
<createdBy>Ignacio Toledo</createdBy>
<createdTime>2024-10-22 01:59:32 UTC</createdTime>
<commentInRDBMS><![CDATA[El historial de  propietarios, es para los casos en que un auto pase a otro usuario, por ejemplo]]></commentInRDBMS>
<ownerDesignName>Modelo_de_datos</ownerDesignName>
<engineerTo>
<item key="A7F43E3B-FC97-6168-1B69-C066F7F1F3D7" value="true"/>
</engineerTo>
<useDomainConstraints>false</useDomainConstraints>
<use>1</use>
<logicalDatatype>LOGDT027</logicalDatatype>
<ownDataTypeParameters>,,</ownDataTypeParameters>
</Attribute>
<Attribute name="fecha_inicio" id="FDDD4C8D-73E9-527D-6875-1155FA209959">
<createdBy>Ignacio Toledo</createdBy>
<createdTime>2024-10-22 02:01:37 UTC</createdTime>
<ownerDesignName>Modelo_de_datos</ownerDesignName>
<engineerTo>
<item key="A7F43E3B-FC97-6168-1B69-C066F7F1F3D7" value="true"/>
</engineerTo>
<useDomainConstraints>false</useDomainConstraints>
<use>1</use>
<logicalDatatype>LOGDT008</logicalDatatype>
<ownDataTypeParameters>,,</ownDataTypeParameters>
</Attribute>
<Attribute name="fecha_final" id="9C5E946C-37F7-16B7-B40E-46941EB45AE1">
<createdBy>Ignacio Toledo</createdBy>
<createdTime>2024-10-22 02:01:44 UTC</createdTime>
<ownerDesignName>Modelo_de_datos</ownerDesignName>
<engineerTo>
<item key="A7F43E3B-FC97-6168-1B69-C066F7F1F3D7" value="true"/>
</engineerTo>
<nullsAllowed>true</nullsAllowed>
<useDomainConstraints>false</useDomainConstraints>
<use>1</use>
<logicalDatatype>LOGDT008</logicalDatatype>
<ownDataTypeParameters>,,</ownDataTypeParameters>
</Attribute>
<Attribute name="id_auto" id="7D7BFD0A-DFDB-EBB2-02D9-69220DDE661E">
<createdBy>Ignacio Toledo</createdBy>
<createdTime>2024-10-22 02:03:45 UTC</createdTime>
<generatorID>37429934-ECAE-9DD0-4E5F-0472CA493DBD</generatorID>
<ownerDesignName>Modelo_de_datos</ownerDesignName>
<engineerTo>
<item key="A7F43E3B-FC97-6168-1B69-C066F7F1F3D7" value="true"/>
</engineerTo>
<referedAttribute>5CCBDD0F-60A0-14E4-68DB-C527075E3152</referedAttribute>
<useDomainConstraints>false</useDomainConstraints>
<use>1</use>
<logicalDatatype>LOGDT037</logicalDatatype>
<dataTypeSize>50</dataTypeSize>
<ownDataTypeParameters>,,</ownDataTypeParameters>
</Attribute>
<Attribute name="id_usuario" id="41A29296-CC0B-CE19-1983-956560FCAC65">
<createdBy>Ignacio Toledo</createdBy>
<createdTime>2024-10-22 02:03:49 UTC</createdTime>
<generatorID>8337EF77-E8DB-E762-ABC3-7F9B8FFD848E</generatorID>
<ownerDesignName>Modelo_de_datos</ownerDesignName>
<engineerTo>
<item key="A7F43E3B-FC97-6168-1B69-C066F7F1F3D7" value="true"/>
</engineerTo>
<referedAttribute>C1B7C181-A156-9DB4-6CB5-665424B4CFBE</referedAttribute>
<useDomainConstraints>false</useDomainConstraints>
<use>1</use>
<logicalDatatype>LOGDT037</logicalDatatype>
<dataTypeSize>50</dataTypeSize>
<ownDataTypeParameters>,,</ownDataTypeParameters>
</Attribute>
</attributes>
<identifiers itemClass="oracle.dbtools.crest.model.design.logical.CandidateKey">
<identifier id="D14B9F89-8B7B-7C06-CBED-A0257CE3C76E" name="HISTORIAL_PROPIETARIOS PK">
<createdBy>Ignacio Toledo</createdBy>
<createdTime>2024-10-22 01:59:53 UTC</createdTime>
<ownerDesignName>Modelo_de_datos</ownerDesignName>
<engineerTo>
<item key="A7F43E3B-FC97-6168-1B69-C066F7F1F3D7" value="true"/>
</engineerTo>
<pk>true</pk>
<usedAttributes>
<attributeRef>3801C977-66BB-B051-65F9-82AB88A5A17F</attributeRef>
</usedAttributes>
</identifier>
</identifiers>
</Entity>