<?xml version = '1.0' encoding = 'UTF-8'?>
<Entity class="oracle.dbtools.crest.model.design.logical.Entity" directorySegmentName="seg_0" id="B108DD65-D376-5957-BD78-C376EEF257AF" name="ESTADO_VEHICULO">
<createdBy>Ignacio Toledo</createdBy>
<createdTime>2024-10-07 23:02:57 UTC</createdTime>
<ownerDesignName>MODELO_DE_DATOS</ownerDesignName>
<engineerTo>
<item key="A7F43E3B-FC97-6168-1B69-C066F7F1F3D7" value="true"/>
</engineerTo>
<adequatelyNormalized>NO</adequatelyNormalized>
<expectedVolumes>0</expectedVolumes>
<fwdEngineeringStrategyName>Single Table</fwdEngineeringStrategyName>
<growthPercent>0</growthPercent>
<growthType>Year</growthType>
<maxVolumes>9999999</maxVolumes>
<minVolumes>0</minVolumes>
<normalForm>Third</normalForm>
<attributes itemClass="oracle.dbtools.crest.model.design.logical.Attribute">
<Attribute name="id_auto" id="0A67B0A0-ABEE-1182-7B51-0EBC58472108">
<createdBy>Ignacio Toledo</createdBy>
<createdTime>2024-10-08 03:01:45 UTC</createdTime>
<generatorID>92CCF6A6-BB20-2BAF-FEC6-673CAB904015</generatorID>
<ownerDesignName>MODELO_DE_DATOS</ownerDesignName>
<engineerTo>
<item key="A7F43E3B-FC97-6168-1B69-C066F7F1F3D7" value="true"/>
</engineerTo>
<referedAttribute>A573236D-EFBE-20FB-0BC3-4C057C03E7CA</referedAttribute>
<use>0</use>
<ownDataTypeParameters>,,</ownDataTypeParameters>
</Attribute>
<Attribute name="nombre_estado" id="B8EA5A9F-AEB7-9101-05A5-656C5B481C52">
<createdBy>Ignacio Toledo</createdBy>
<createdTime>2024-10-08 20:26:41 UTC</createdTime>
<ownerDesignName>MODELO_DE_DATOS</ownerDesignName>
<engineerTo>
<item key="A7F43E3B-FC97-6168-1B69-C066F7F1F3D7" value="true"/>
</engineerTo>
<nullsAllowed>true</nullsAllowed>
<use>0</use>
<ownDataTypeParameters>,,</ownDataTypeParameters>
</Attribute>
<Attribute name="descripcion" id="77B0D901-2351-8AF8-72B8-1799C65A8EAD">
<createdBy>Ignacio Toledo</createdBy>
<createdTime>2024-10-08 20:26:49 UTC</createdTime>
<ownerDesignName>MODELO_DE_DATOS</ownerDesignName>
<engineerTo>
<item key="A7F43E3B-FC97-6168-1B69-C066F7F1F3D7" value="true"/>
</engineerTo>
<nullsAllowed>true</nullsAllowed>
<use>0</use>
<ownDataTypeParameters>,,</ownDataTypeParameters>
</Attribute>
</attributes>
<identifiers itemClass="oracle.dbtools.crest.model.design.logical.CandidateKey">
<identifier id="3E1B2877-02BA-66BA-E614-577101FEDE3A" name="ESTADO_VEHICULO PK">
<createdBy>Ignacio Toledo</createdBy>
<createdTime>2024-10-08 20:26:19 UTC</createdTime>
<ownerDesignName>MODELO_DE_DATOS</ownerDesignName>
<engineerTo>
<item key="A7F43E3B-FC97-6168-1B69-C066F7F1F3D7" value="true"/>
</engineerTo>
<pk>true</pk>
<usedAttributes>
<attributeRef>0A67B0A0-ABEE-1182-7B51-0EBC58472108</attributeRef>
</usedAttributes>
</identifier>
</identifiers>
</Entity>