<?xml version = '1.0' encoding = 'UTF-8'?>
<Entity class="oracle.dbtools.crest.model.design.logical.Entity" directorySegmentName="seg_0" id="B9F19E38-A230-516F-FFFC-5DD16B703002" name="DETALLE_MANTENCION">
<createdBy>Ignacio Toledo</createdBy>
<createdTime>2024-10-18 00:54:02 UTC</createdTime>
<ownerDesignName>Modelo_de_datos</ownerDesignName>
<engineerTo>
<item key="A7F43E3B-FC97-6168-1B69-C066F7F1F3D7" value="true"/>
</engineerTo>
<adequatelyNormalized>NO</adequatelyNormalized>
<expectedVolumes>0</expectedVolumes>
<fwdEngineeringStrategyName>Single Table</fwdEngineeringStrategyName>
<growthPercent>0</growthPercent>
<growthType>Year</growthType>
<maxVolumes>9999999</maxVolumes>
<minVolumes>0</minVolumes>
<normalForm>Third</normalForm>
<attributes itemClass="oracle.dbtools.crest.model.design.logical.Attribute">
<Attribute name="id_servicio" id="3833BDC8-BFDA-E1F6-1FD5-2CE4BF51DA47">
<createdBy>Ignacio Toledo</createdBy>
<createdTime>2024-10-18 01:08:55 UTC</createdTime>
<commentInRDBMS><![CDATA[esta tabla asocia el servicio con la cotizacion y la mantencion, con esta tabla se mantiene los casos en donde por ejemplo una cotizacion tiene mas 3 servicios, de los cuales solamente se van a hacer 2 (por eso el estado)

Creada basada en comentarios del profe ]]></commentInRDBMS>
<generatorID>F0222143-6ECB-BF13-67B4-1DBEC69D243F</generatorID>
<ownerDesignName>Modelo_de_datos</ownerDesignName>
<engineerTo>
<item key="A7F43E3B-FC97-6168-1B69-C066F7F1F3D7" value="true"/>
</engineerTo>
<referedAttribute>5C63FF33-DBCE-FF6F-C70F-AD96EC124DBB</referedAttribute>
<useDomainConstraints>false</useDomainConstraints>
<use>1</use>
<logicalDatatype>LOGDT037</logicalDatatype>
<dataTypeSize>50</dataTypeSize>
<ownDataTypeParameters>,,</ownDataTypeParameters>
</Attribute>
<Attribute name="id_mantencion" id="994CE59B-16BC-1B47-7E5D-51C79F79EE15">
<createdBy>Ignacio Toledo</createdBy>
<createdTime>2024-10-18 01:09:21 UTC</createdTime>
<generatorID>0339E4FB-8041-FB13-FEC9-9E677BE9F54A</generatorID>
<ownerDesignName>Modelo_de_datos</ownerDesignName>
<engineerTo>
<item key="A7F43E3B-FC97-6168-1B69-C066F7F1F3D7" value="true"/>
</engineerTo>
<referedAttribute>D643BDBE-4F84-7D0B-2214-8109CEA02A6C</referedAttribute>
<useDomainConstraints>false</useDomainConstraints>
<use>1</use>
<logicalDatatype>LOGDT037</logicalDatatype>
<dataTypeSize>50</dataTypeSize>
<ownDataTypeParameters>50,,</ownDataTypeParameters>
</Attribute>
<Attribute name="estado_servicio" id="A8AF5B23-7E69-D7E3-2C5C-4BCF1AD477E1">
<createdBy>Ignacio Toledo</createdBy>
<createdTime>2024-10-21 23:11:51 UTC</createdTime>
<ownerDesignName>Modelo_de_datos</ownerDesignName>
<engineerTo>
<item key="A7F43E3B-FC97-6168-1B69-C066F7F1F3D7" value="true"/>
</engineerTo>
<useDomainConstraints>false</useDomainConstraints>
<use>1</use>
<logicalDatatype>LOGDT006</logicalDatatype>
<dataTypeSize>1</dataTypeSize>
<ownDataTypeParameters>1,,</ownDataTypeParameters>
</Attribute>
<Attribute name="fecha_inicio_servicio" id="E5B86496-2975-B928-2250-CF4F54283CE9">
<createdBy>Ignacio Toledo</createdBy>
<createdTime>2024-10-21 23:11:58 UTC</createdTime>
<ownerDesignName>Modelo_de_datos</ownerDesignName>
<engineerTo>
<item key="A7F43E3B-FC97-6168-1B69-C066F7F1F3D7" value="true"/>
</engineerTo>
<useDomainConstraints>false</useDomainConstraints>
<use>1</use>
<logicalDatatype>LOGDT008</logicalDatatype>
<ownDataTypeParameters>,,</ownDataTypeParameters>
</Attribute>
<Attribute name="fecha_fin_servicio" id="4134AA74-FCA9-552C-90A8-C198D3CC50B5">
<createdBy>Ignacio Toledo</createdBy>
<createdTime>2024-10-21 23:12:46 UTC</createdTime>
<ownerDesignName>Modelo_de_datos</ownerDesignName>
<engineerTo>
<item key="A7F43E3B-FC97-6168-1B69-C066F7F1F3D7" value="true"/>
</engineerTo>
<use>0</use>
<ownDataTypeParameters>,,</ownDataTypeParameters>
</Attribute>
<Attribute name="id_cotizacion" id="D793C054-E77D-75EC-3A40-C09C80F27427">
<createdBy>Ignacio Toledo</createdBy>
<createdTime>2024-10-21 23:13:43 UTC</createdTime>
<generatorID>70CC3B26-FB17-2CB3-D2AD-8AFF04C51D3A</generatorID>
<ownerDesignName>Modelo_de_datos</ownerDesignName>
<engineerTo>
<item key="A7F43E3B-FC97-6168-1B69-C066F7F1F3D7" value="true"/>
</engineerTo>
<referedAttribute>C62628AC-6B6F-8B34-BB3E-341CBD58D098</referedAttribute>
<useDomainConstraints>false</useDomainConstraints>
<use>1</use>
<logicalDatatype>LOGDT037</logicalDatatype>
<dataTypeSize>50</dataTypeSize>
<ownDataTypeParameters>50,,</ownDataTypeParameters>
</Attribute>
</attributes>
</Entity>