<?xml version = '1.0' encoding = 'UTF-8'?>
<Entity class="oracle.dbtools.crest.model.design.logical.Entity" directorySegmentName="seg_0" id="CF250E05-9976-B8D5-0C5E-D9F2B1006850" name="USUARIO">
<createdBy>Ignacio Toledo</createdBy>
<createdTime>2024-10-07 23:00:28 UTC</createdTime>
<ownerDesignName>MODELO_DE_DATOS</ownerDesignName>
<engineerTo>
<item key="A7F43E3B-FC97-6168-1B69-C066F7F1F3D7" value="true"/>
</engineerTo>
<adequatelyNormalized>NO</adequatelyNormalized>
<expectedVolumes>0</expectedVolumes>
<fwdEngineeringStrategyName>Single Table</fwdEngineeringStrategyName>
<growthPercent>0</growthPercent>
<growthType>Year</growthType>
<maxVolumes>9999999</maxVolumes>
<minVolumes>0</minVolumes>
<normalForm>Third</normalForm>
<attributes itemClass="oracle.dbtools.crest.model.design.logical.Attribute">
<Attribute name="id_usuario" id="C1B7C181-A156-9DB4-6CB5-665424B4CFBE">
<createdBy>Ignacio Toledo</createdBy>
<createdTime>2024-10-08 03:06:55 UTC</createdTime>
<ownerDesignName>MODELO_DE_DATOS</ownerDesignName>
<engineerTo>
<item key="A7F43E3B-FC97-6168-1B69-C066F7F1F3D7" value="true"/>
</engineerTo>
<useDomainConstraints>false</useDomainConstraints>
<use>1</use>
<ownDataTypeParameters>,,</ownDataTypeParameters>
</Attribute>
<Attribute name="nombre" id="3A9A9422-20A8-31E1-F35B-9E32DA37A5A2">
<createdBy>Ignacio Toledo</createdBy>
<createdTime>2024-10-08 03:07:19 UTC</createdTime>
<ownerDesignName>MODELO_DE_DATOS</ownerDesignName>
<engineerTo>
<item key="A7F43E3B-FC97-6168-1B69-C066F7F1F3D7" value="true"/>
</engineerTo>
<nullsAllowed>true</nullsAllowed>
<use>0</use>
<ownDataTypeParameters>,,</ownDataTypeParameters>
</Attribute>
<Attribute name="apellido" id="7F4F8480-C8BA-6688-7690-EDFA4D3D83F7">
<createdBy>Ignacio Toledo</createdBy>
<createdTime>2024-10-08 03:07:25 UTC</createdTime>
<ownerDesignName>MODELO_DE_DATOS</ownerDesignName>
<engineerTo>
<item key="A7F43E3B-FC97-6168-1B69-C066F7F1F3D7" value="true"/>
</engineerTo>
<nullsAllowed>true</nullsAllowed>
<use>0</use>
<ownDataTypeParameters>,,</ownDataTypeParameters>
</Attribute>
<Attribute name="telefono" id="BFABC0DA-CFFB-103F-F2B5-63A4C01FA240">
<createdBy>Ignacio Toledo</createdBy>
<createdTime>2024-10-08 03:07:29 UTC</createdTime>
<ownerDesignName>MODELO_DE_DATOS</ownerDesignName>
<engineerTo>
<item key="A7F43E3B-FC97-6168-1B69-C066F7F1F3D7" value="true"/>
</engineerTo>
<nullsAllowed>true</nullsAllowed>
<use>0</use>
<ownDataTypeParameters>,,</ownDataTypeParameters>
</Attribute>
<Attribute name="correo" id="D45937C1-6E4F-BB10-CC96-1655F4CDF6CF">
<createdBy>Ignacio Toledo</createdBy>
<createdTime>2024-10-08 03:07:37 UTC</createdTime>
<ownerDesignName>MODELO_DE_DATOS</ownerDesignName>
<engineerTo>
<item key="A7F43E3B-FC97-6168-1B69-C066F7F1F3D7" value="true"/>
</engineerTo>
<nullsAllowed>true</nullsAllowed>
<use>0</use>
<ownDataTypeParameters>,,</ownDataTypeParameters>
</Attribute>
<Attribute name="contrasena" id="2375FF18-552D-47C1-0591-8C8E356CE6E7">
<createdBy>Ignacio Toledo</createdBy>
<createdTime>2024-10-08 03:07:41 UTC</createdTime>
<ownerDesignName>MODELO_DE_DATOS</ownerDesignName>
<engineerTo>
<item key="A7F43E3B-FC97-6168-1B69-C066F7F1F3D7" value="true"/>
</engineerTo>
<use>0</use>
<ownDataTypeParameters>,,</ownDataTypeParameters>
</Attribute>
<Attribute name="rut" id="83DC2E75-DDAB-F73B-0570-0AAD22AA51A2">
<createdBy>Ignacio Toledo</createdBy>
<createdTime>2024-10-08 03:08:04 UTC</createdTime>
<ownerDesignName>MODELO_DE_DATOS</ownerDesignName>
<engineerTo>
<item key="A7F43E3B-FC97-6168-1B69-C066F7F1F3D7" value="true"/>
</engineerTo>
<use>0</use>
<ownDataTypeParameters>,,</ownDataTypeParameters>
</Attribute>
<Attribute name="id_empresa" id="96D10B78-C822-DF89-737F-D15395D0F8B5">
<createdBy>Ignacio Toledo</createdBy>
<createdTime>2024-10-08 20:19:27 UTC</createdTime>
<generatorID>A4D8CD53-F404-010B-4590-6C67E32C4FBF</generatorID>
<ownerDesignName>MODELO_DE_DATOS</ownerDesignName>
<engineerTo>
<item key="A7F43E3B-FC97-6168-1B69-C066F7F1F3D7" value="true"/>
</engineerTo>
<referedAttribute>42F4B990-A744-4244-6F16-E8832CC50808</referedAttribute>
<use>0</use>
<ownDataTypeParameters>,,</ownDataTypeParameters>
</Attribute>
<Attribute name="id_role" id="924CC193-46B3-8002-DD53-1D8FE7FA3863">
<createdBy>Ignacio Toledo</createdBy>
<createdTime>2024-10-08 20:27:23 UTC</createdTime>
<generatorID>D7F29585-D602-66CC-6CD1-AEEF87191604</generatorID>
<ownerDesignName>MODELO_DE_DATOS</ownerDesignName>
<engineerTo>
<item key="A7F43E3B-FC97-6168-1B69-C066F7F1F3D7" value="true"/>
</engineerTo>
<referedAttribute>E1014A62-2ABE-86EF-067B-193431681341</referedAttribute>
<use>0</use>
<ownDataTypeParameters>,,</ownDataTypeParameters>
</Attribute>
</attributes>
<identifiers itemClass="oracle.dbtools.crest.model.design.logical.CandidateKey">
<identifier id="942145E8-ACE3-F555-7A40-2482113A5825" name="USUARIO PK">
<createdBy>Ignacio Toledo</createdBy>
<createdTime>2024-10-08 03:08:01 UTC</createdTime>
<ownerDesignName>MODELO_DE_DATOS</ownerDesignName>
<engineerTo>
<item key="A7F43E3B-FC97-6168-1B69-C066F7F1F3D7" value="true"/>
</engineerTo>
<pk>true</pk>
<usedAttributes>
<attributeRef>83DC2E75-DDAB-F73B-0570-0AAD22AA51A2</attributeRef>
<attributeRef>C1B7C181-A156-9DB4-6CB5-665424B4CFBE</attributeRef>
</usedAttributes>
</identifier>
</identifiers>
</Entity>