<?xml version = '1.0' encoding = 'UTF-8'?>
<Entity class="oracle.dbtools.crest.model.design.logical.Entity" directorySegmentName="seg_0" id="D4D7F3CE-5345-95CF-98F9-B8C427275420" name="SERVICIO">
<createdBy>Ignacio Toledo</createdBy>
<createdTime>2024-10-07 23:00:53 UTC</createdTime>
<ownerDesignName>MODELO_DE_DATOS</ownerDesignName>
<engineerTo>
<item key="A7F43E3B-FC97-6168-1B69-C066F7F1F3D7" value="true"/>
</engineerTo>
<adequatelyNormalized>NO</adequatelyNormalized>
<expectedVolumes>0</expectedVolumes>
<fwdEngineeringStrategyName>Single Table</fwdEngineeringStrategyName>
<growthPercent>0</growthPercent>
<growthType>Year</growthType>
<maxVolumes>9999999</maxVolumes>
<minVolumes>0</minVolumes>
<normalForm>Third</normalForm>
<attributes itemClass="oracle.dbtools.crest.model.design.logical.Attribute">
<Attribute name="id_servicio" id="5C63FF33-DBCE-FF6F-C70F-AD96EC124DBB">
<createdBy>Ignacio Toledo</createdBy>
<createdTime>2024-10-08 20:23:47 UTC</createdTime>
<ownerDesignName>MODELO_DE_DATOS</ownerDesignName>
<engineerTo>
<item key="A7F43E3B-FC97-6168-1B69-C066F7F1F3D7" value="true"/>
</engineerTo>
<use>0</use>
<ownDataTypeParameters>,,</ownDataTypeParameters>
</Attribute>
<Attribute name="nombre" id="1CB46029-2E2D-4424-EDAC-806A11D55667">
<createdBy>Ignacio Toledo</createdBy>
<createdTime>2024-10-08 20:24:06 UTC</createdTime>
<ownerDesignName>MODELO_DE_DATOS</ownerDesignName>
<engineerTo>
<item key="A7F43E3B-FC97-6168-1B69-C066F7F1F3D7" value="true"/>
</engineerTo>
<use>0</use>
<ownDataTypeParameters>,,</ownDataTypeParameters>
</Attribute>
<Attribute name="precio" id="09B7DE49-EC4A-37D3-45D1-6E4F0DF61D17">
<createdBy>Ignacio Toledo</createdBy>
<createdTime>2024-10-08 20:25:10 UTC</createdTime>
<ownerDesignName>MODELO_DE_DATOS</ownerDesignName>
<engineerTo>
<item key="A7F43E3B-FC97-6168-1B69-C066F7F1F3D7" value="true"/>
</engineerTo>
<use>0</use>
<ownDataTypeParameters>,,</ownDataTypeParameters>
</Attribute>
<Attribute name="id_tipo_servicio" id="C31FE4AC-3BC0-E1E9-9071-3ED5DAC4F72A">
<createdBy>Ignacio Toledo</createdBy>
<createdTime>2024-10-08 20:25:35 UTC</createdTime>
<generatorID>98B93F2B-4561-E72E-AF16-4C1BBF7FB47F</generatorID>
<ownerDesignName>MODELO_DE_DATOS</ownerDesignName>
<engineerTo>
<item key="A7F43E3B-FC97-6168-1B69-C066F7F1F3D7" value="true"/>
</engineerTo>
<referedAttribute>8410DBA6-EB16-1623-155D-5FCC89ADF3B6</referedAttribute>
<use>0</use>
<ownDataTypeParameters>,,</ownDataTypeParameters>
</Attribute>
</attributes>
<identifiers itemClass="oracle.dbtools.crest.model.design.logical.CandidateKey">
<identifier id="45129C61-722D-A6FD-3B79-74F5E799DF24" name="SERVICIO PK">
<createdBy>Ignacio Toledo</createdBy>
<createdTime>2024-10-08 20:24:04 UTC</createdTime>
<ownerDesignName>MODELO_DE_DATOS</ownerDesignName>
<engineerTo>
<item key="A7F43E3B-FC97-6168-1B69-C066F7F1F3D7" value="true"/>
</engineerTo>
<pk>true</pk>
<usedAttributes>
<attributeRef>5C63FF33-DBCE-FF6F-C70F-AD96EC124DBB</attributeRef>
</usedAttributes>
</identifier>
</identifiers>
</Entity>