<?xml version = '1.0' encoding = 'UTF-8'?>
<Entity class="oracle.dbtools.crest.model.design.logical.Entity" directorySegmentName="seg_0" id="D84081E5-60E2-AAC7-8E9D-578E7D0B29F9" name="MECANICO">
<createdBy>Ignacio Toledo</createdBy>
<createdTime>2024-10-18 01:00:36 UTC</createdTime>
<ownerDesignName>Modelo_de_datos</ownerDesignName>
<engineerTo>
<item key="A7F43E3B-FC97-6168-1B69-C066F7F1F3D7" value="true"/>
</engineerTo>
<adequatelyNormalized>NO</adequatelyNormalized>
<expectedVolumes>0</expectedVolumes>
<fwdEngineeringStrategyName>Single Table</fwdEngineeringStrategyName>
<growthPercent>0</growthPercent>
<growthType>Year</growthType>
<hierarchicalParent>CF250E05-9976-B8D5-0C5E-D9F2B1006850</hierarchicalParent>
<maxVolumes>9999999</maxVolumes>
<minVolumes>0</minVolumes>
<normalForm>Third</normalForm>
<attributes itemClass="oracle.dbtools.crest.model.design.logical.Attribute">
<Attribute name="puntuacion" id="706434CF-43D4-EDBF-E8CF-1CD5BD69C509">
<createdBy>Ignacio Toledo</createdBy>
<createdTime>2024-10-18 01:02:41 UTC</createdTime>
<commentInRDBMS><![CDATA[Puntuacion del mecanico del 1 al 5
]]></commentInRDBMS>
<ownerDesignName>Modelo_de_datos</ownerDesignName>
<engineerTo>
<item key="A7F43E3B-FC97-6168-1B69-C066F7F1F3D7" value="true"/>
</engineerTo>
<useDomainConstraints>false</useDomainConstraints>
<use>1</use>
<logicalDatatype>LOGDT021</logicalDatatype>
<dataTypePrecision>1</dataTypePrecision>
<dataTypeScale>1</dataTypeScale>
<ownDataTypeParameters>,1,1</ownDataTypeParameters>
</Attribute>
</attributes>
</Entity>