<?xml version = '1.0' encoding = 'UTF-8'?>
<Entity class="oracle.dbtools.crest.model.design.logical.Entity" directorySegmentName="seg_0" id="E95C641C-DC8A-8F33-7E49-93C31334EC94" name="MARCA_AUTO">
<createdBy>Ignacio Toledo</createdBy>
<createdTime>2024-10-07 23:01:10 UTC</createdTime>
<ownerDesignName>MODELO_DE_DATOS</ownerDesignName>
<engineerTo>
<item key="A7F43E3B-FC97-6168-1B69-C066F7F1F3D7" value="true"/>
</engineerTo>
<adequatelyNormalized>NO</adequatelyNormalized>
<expectedVolumes>0</expectedVolumes>
<fwdEngineeringStrategyName>Single Table</fwdEngineeringStrategyName>
<growthPercent>0</growthPercent>
<growthType>Year</growthType>
<maxVolumes>9999999</maxVolumes>
<minVolumes>0</minVolumes>
<normalForm>Third</normalForm>
<attributes itemClass="oracle.dbtools.crest.model.design.logical.Attribute">
<Attribute name="id_marca" id="0D92A582-6916-F32D-02ED-9221B8FF59E1">
<createdBy>Ignacio Toledo</createdBy>
<createdTime>2024-10-08 02:59:23 UTC</createdTime>
<ownerDesignName>MODELO_DE_DATOS</ownerDesignName>
<engineerTo>
<item key="A7F43E3B-FC97-6168-1B69-C066F7F1F3D7" value="true"/>
</engineerTo>
<useDomainConstraints>false</useDomainConstraints>
<use>1</use>
<logicalDatatype>LOGDT019</logicalDatatype>
<ownDataTypeParameters>,,</ownDataTypeParameters>
</Attribute>
<Attribute name="nombre" id="E6DAE56A-495F-CC38-BA36-B6CE09FFFC22">
<createdBy>Ignacio Toledo</createdBy>
<createdTime>2024-10-08 02:59:55 UTC</createdTime>
<ownerDesignName>MODELO_DE_DATOS</ownerDesignName>
<engineerTo>
<item key="A7F43E3B-FC97-6168-1B69-C066F7F1F3D7" value="true"/>
</engineerTo>
<useDomainConstraints>false</useDomainConstraints>
<use>1</use>
<logicalDatatype>LOGDT024</logicalDatatype>
<ownDataTypeParameters>,,</ownDataTypeParameters>
</Attribute>
<Attribute name="descripcion" id="705B5F51-CACA-D737-35EC-7964AA39C3CB">
<createdBy>Ignacio Toledo</createdBy>
<createdTime>2024-10-08 03:00:07 UTC</createdTime>
<ownerDesignName>MODELO_DE_DATOS</ownerDesignName>
<engineerTo>
<item key="A7F43E3B-FC97-6168-1B69-C066F7F1F3D7" value="true"/>
</engineerTo>
<nullsAllowed>true</nullsAllowed>
<useDomainConstraints>false</useDomainConstraints>
<use>1</use>
<logicalDatatype>LOGDT040</logicalDatatype>
<ownDataTypeParameters>,,</ownDataTypeParameters>
</Attribute>
</attributes>
<identifiers itemClass="oracle.dbtools.crest.model.design.logical.CandidateKey">
<identifier id="DCE73728-272E-8B30-02C0-6D49CE2020CB" name="MARCA_AUTO PK">
<createdBy>Ignacio Toledo</createdBy>
<createdTime>2024-10-08 03:00:45 UTC</createdTime>
<ownerDesignName>MODELO_DE_DATOS</ownerDesignName>
<engineerTo>
<item key="A7F43E3B-FC97-6168-1B69-C066F7F1F3D7" value="true"/>
</engineerTo>
<pk>true</pk>
<usedAttributes>
<attributeRef>0D92A582-6916-F32D-02ED-9221B8FF59E1</attributeRef>
</usedAttributes>
</identifier>
</identifiers>
</Entity>