<?xml version = '1.0' encoding = 'UTF-8'?>
<relationalModel class="oracle.dbtools.crest.model.design.relational.RelationalDesign" name="Relational_1" id="A7F43E3B-FC97-6168-1B69-C066F7F1F3D7" mainViewID="F273895D-E805-6763-0220-0826D1382C59">
<createdBy>Ignacio Toledo</createdBy>
<createdTime>2024-10-07 22:52:05 UTC</createdTime>
<ownerDesignName>MODELO_DE_DATOS</ownerDesignName>
<shouldBeOpen>true</shouldBeOpen>
<selectedRDBMSSite>32076570-2523-435C-2E92-BF29817DFF70</selectedRDBMSSite>
</relationalModel>